2026-09-28 18:17:22.491 [restartedMain] [] INFO  b.craftline.server.ServerApplication - Starting ServerApplication using Java 17.0.0.1 with PID 14808 (D:\work\clapp\ClappN\target\classes started by Shiva in D:\work\clapp\ClappN)
2026-09-28 18:17:22.497 [restartedMain] [] DEBUG b.craftline.server.ServerApplication - Running with Spring Boot v3.1.4, Spring v6.0.12
2026-09-28 18:17:22.498 [restartedMain] [] INFO  b.craftline.server.ServerApplication - The following 1 profile is active: "dev"
2026-09-28 18:17:22.548 [restartedMain] [] INFO  o.s.b.d.e.DevToolsPropertyDefaultsPostProcessor - Devtools property defaults active! Set 'spring.devtools.add-properties' to 'false' to disable
2026-09-28 18:17:22.548 [restartedMain] [] INFO  o.s.b.d.e.DevToolsPropertyDefaultsPostProcessor - For additional web related logging consider setting the 'logging.level.web' property to 'DEBUG'
2026-09-28 18:17:24.015 [restartedMain] [] INFO  o.s.d.r.c.RepositoryConfigurationDelegate - Bootstrapping Spring Data JPA repositories in DEFAULT mode.
2026-09-28 18:17:24.227 [restartedMain] [] INFO  o.s.d.r.c.RepositoryConfigurationDelegate - Finished Spring Data repository scanning in 198 ms. Found 44 JPA repository interfaces.
2026-09-28 18:17:25.279 [restartedMain] [] INFO  o.s.b.w.e.tomcat.TomcatWebServer - Tomcat initialized with port(s): 9090 (http)
2026-09-28 18:17:25.289 [restartedMain] [] INFO  o.a.catalina.core.StandardService - Starting service [Tomcat]
2026-09-28 18:17:25.290 [restartedMain] [] INFO  o.a.catalina.core.StandardEngine - Starting Servlet engine: [Apache Tomcat/10.1.13]
2026-09-28 18:17:25.373 [restartedMain] [] INFO  o.a.c.c.C.[Tomcat].[localhost].[/] - Initializing Spring embedded WebApplicationContext
2026-09-28 18:17:25.374 [restartedMain] [] INFO  o.s.b.w.s.c.ServletWebServerApplicationContext - Root WebApplicationContext: initialization completed in 2825 ms
2026-09-28 18:17:25.711 [restartedMain] [] INFO  o.f.c.i.license.VersionPrinter - Flyway Community Edition 9.16.3 by Redgate
2026-09-28 18:17:25.711 [restartedMain] [] INFO  o.f.c.i.license.VersionPrinter - See release notes here: https://rd.gt/416ObMi
2026-09-28 18:17:25.711 [restartedMain] [] INFO  o.f.c.i.license.VersionPrinter - 
2026-09-28 18:17:25.721 [restartedMain] [] INFO  com.zaxxer.hikari.HikariDataSource - HikariPool-1 - Starting...
2026-09-28 18:17:26.116 [restartedMain] [] INFO  com.zaxxer.hikari.pool.HikariPool - HikariPool-1 - Added connection com.mysql.cj.jdbc.ConnectionImpl@2ecae63d
2026-09-28 18:17:26.118 [restartedMain] [] INFO  com.zaxxer.hikari.HikariDataSource - HikariPool-1 - Start completed.
2026-09-28 18:17:26.152 [restartedMain] [] INFO  o.f.c.i.d.base.BaseDatabaseType - Database: jdbc:mysql://127.0.0.1:3306/clapp (MySQL 8.0)
2026-09-28 18:17:26.389 [restartedMain] [] INFO  o.f.core.internal.command.DbValidate - Successfully validated 17 migrations (execution time 00:00.196s)
2026-09-28 18:17:26.408 [restartedMain] [] INFO  o.f.core.internal.command.DbMigrate - Current version of schema `clapp`: 16
2026-09-28 18:17:26.408 [restartedMain] [] WARN  o.f.core.internal.command.DbMigrate - outOfOrder mode is active. Migration of schema `clapp` may not be reproducible.
2026-09-28 18:17:26.427 [restartedMain] [] INFO  o.f.core.internal.command.DbMigrate - Migrating schema `clapp` to version "17 - catalog business ownership"
2026-09-28 18:17:26.646 [restartedMain] [] INFO  o.f.core.internal.command.DbMigrate - Successfully applied 1 migration to schema `clapp`, now at version v17 (execution time 00:00.246s)
2026-09-28 18:17:26.755 [restartedMain] [] INFO  o.h.jpa.internal.util.LogHelper - HHH000204: Processing PersistenceUnitInfo [name: default]
2026-09-28 18:17:26.820 [restartedMain] [] INFO  org.hibernate.Version - HHH000412: Hibernate ORM core version 6.2.9.Final
2026-09-28 18:17:26.823 [restartedMain] [] INFO  org.hibernate.cfg.Environment - HHH000406: Using bytecode reflection optimizer
2026-09-28 18:17:26.968 [restartedMain] [] INFO  o.h.b.i.BytecodeProviderInitiator - HHH000021: Bytecode provider name : bytebuddy
2026-09-28 18:17:27.104 [restartedMain] [] INFO  o.s.o.j.p.SpringPersistenceUnitInfo - No LoadTimeWeaver setup: ignoring JPA class transformer
2026-09-28 18:17:27.159 [restartedMain] [] WARN  org.hibernate.orm.deprecation - HHH90000026: MySQL8Dialect has been deprecated; use org.hibernate.dialect.MySQLDialect instead
2026-09-28 18:17:27.562 [restartedMain] [] INFO  o.h.b.i.BytecodeProviderInitiator - HHH000021: Bytecode provider name : bytebuddy
2026-09-28 18:17:29.101 [restartedMain] [] INFO  o.h.e.t.j.p.i.JtaPlatformInitiator - HHH000490: Using JtaPlatform implementation: [org.hibernate.engine.transaction.jta.platform.internal.NoJtaPlatform]
2026-09-28 18:17:29.594 [restartedMain] [] INFO  o.s.o.j.LocalContainerEntityManagerFactoryBean - Initialized JPA EntityManagerFactory for persistence unit 'default'
2026-09-28 18:17:29.857 [restartedMain] [] INFO  o.s.d.j.r.query.QueryEnhancerFactory - Hibernate is in classpath; If applicable, HQL parser will be used.
2026-09-28 18:17:30.511 [restartedMain] [] DEBUG b.c.s.c.s.JwtAuthenticationFilter - Filter 'jwtAuthenticationFilter' configured for use
2026-09-28 18:17:30.512 [restartedMain] [] DEBUG b.c.s.c.security.UserScopeFilter - Filter 'userScopeFilter' configured for use
2026-09-28 18:17:30.514 [restartedMain] [] DEBUG b.c.s.c.security.RequestIdFilter - Filter 'requestIdFilter' configured for use
2026-09-28 18:17:30.514 [restartedMain] [] DEBUG b.c.s.c.o.HttpRequestObservabilityFilter - Filter 'httpRequestObservabilityFilter' configured for use
2026-09-28 18:17:31.214 [restartedMain] [] INFO  b.c.server.util.FileStorageService - Upload directory initialized at: D:\work\clapp\ClappN\uploads
2026-09-28 18:17:32.780 [restartedMain] [] INFO  b.c.s.f.p.a.p.StripePaymentProvider - Stripe provider ready (publishable configured=true)
2026-09-28 18:17:33.387 [restartedMain] [] WARN  o.s.b.a.o.j.JpaBaseConfiguration$JpaWebConfiguration - spring.jpa.open-in-view is enabled by default. Therefore, database queries may be performed during view rendering. Explicitly configure spring.jpa.open-in-view to disable this warning
2026-09-28 18:17:33.844 [restartedMain] [] INFO  o.s.b.a.e.web.EndpointLinksResolver - Exposing 4 endpoint(s) beneath base path '/actuator'
2026-09-28 18:17:33.924 [restartedMain] [] INFO  o.s.s.web.DefaultSecurityFilterChain - Will secure any request with [org.springframework.security.web.session.DisableEncodeUrlFilter@72af0d5a, org.springframework.security.web.context.request.async.WebAsyncManagerIntegrationFilter@3af5d21e, org.springframework.security.web.context.SecurityContextHolderFilter@f9597, org.springframework.security.web.header.HeaderWriterFilter@39b43938, org.springframework.web.filter.CorsFilter@35a9ac65, org.springframework.security.web.authentication.logout.LogoutFilter@6a351901, biz.craftline.server.config.security.JwtAuthenticationFilter@2625c43e, biz.craftline.server.config.security.UserScopeFilter@5348182a, org.springframework.security.web.savedrequest.RequestCacheAwareFilter@5622c2f1, org.springframework.security.web.servletapi.SecurityContextHolderAwareRequestFilter@42328fff, org.springframework.security.web.authentication.AnonymousAuthenticationFilter@7012bed, org.springframework.security.web.session.SessionManagementFilter@7bd8dba8, org.springframework.security.web.access.ExceptionTranslationFilter@200d1fdd, org.springframework.security.web.access.intercept.AuthorizationFilter@7ca0a622]
2026-09-28 18:17:34.446 [restartedMain] [] INFO  o.s.b.d.a.OptionalLiveReloadServer - LiveReload server is running on port 35729
2026-09-28 18:17:34.566 [restartedMain] [] INFO  o.s.b.w.e.tomcat.TomcatWebServer - Tomcat started on port(s): 9090 (http) with context path ''
2026-09-28 18:17:34.589 [restartedMain] [] INFO  b.craftline.server.ServerApplication - Started ServerApplication in 12.587 seconds (process running for 13.086)
2026-09-28 18:17:34.659 [restartedMain] [] INFO  b.c.s.config.PaymentStartupValidator - Payment startup checks relaxed (non-prod); enabledProviders=[stripe, razorpay]
2026-09-28 18:17:34.660 [restartedMain] [] WARN  b.c.s.c.ProductionStartupValidator - Using default JWT secret — acceptable for local/dev only
2026-09-28 18:17:34.661 [restartedMain] [] INFO  b.c.server.config.DataSeedConfig - Starting database seed initialization (rbacAlign=true, demoData=true)...
2026-09-28 18:17:34.802 [restartedMain] [] WARN  b.c.server.config.DataSeedConfig - Skipping delete of legacy role 'Customer' because canonical 'CUSTOMER' already exists
2026-09-28 18:17:34.821 [restartedMain] [] WARN  b.c.server.config.DataSeedConfig - Skipping delete of legacy role 'Cashier' because canonical 'CASHIER' already exists
2026-09-28 18:17:34.890 [restartedMain] [] WARN  b.c.server.config.DataSeedConfig - Skipping delete of legacy role 'Guest' because canonical 'GUEST' already exists
2026-09-28 18:17:35.414 [restartedMain] [] INFO  b.c.server.config.DataSeedConfig - Permissions catalog ready (0 new, 201 total defined)
2026-09-28 18:17:35.505 [restartedMain] [] INFO  b.c.server.config.DataSeedConfig - Roles catalog ready (0 new, 35 total defined)
2026-09-28 18:17:35.560 [restartedMain] [] INFO  b.c.server.config.DataSeedConfig - Synced role 'SYSTEM_ADMIN' to 201 permission(s)
2026-09-28 18:17:35.569 [restartedMain] [] INFO  b.c.server.config.DataSeedConfig - Synced role 'BUSINESS_OWNER' to 73 permission(s)
2026-09-28 18:17:35.574 [restartedMain] [] INFO  b.c.server.config.DataSeedConfig - Synced role 'BUSINESS_ADMIN' to 50 permission(s)
2026-09-28 18:17:35.578 [restartedMain] [] INFO  b.c.server.config.DataSeedConfig - Synced role 'BUSINESS_MANAGER' to 28 permission(s)
2026-09-28 18:17:35.584 [restartedMain] [] INFO  b.c.server.config.DataSeedConfig - Synced role 'STORE_OWNER' to 93 permission(s)
2026-09-28 18:17:35.588 [restartedMain] [] INFO  b.c.server.config.DataSeedConfig - Synced role 'STORE_MANAGER' to 60 permission(s)
2026-09-28 18:17:35.594 [restartedMain] [] INFO  b.c.server.config.DataSeedConfig - Synced role 'ASSISTANT_MANAGER' to 32 permission(s)
2026-09-28 18:17:35.598 [restartedMain] [] INFO  b.c.server.config.DataSeedConfig - Synced role 'SHIFT_SUPERVISOR' to 13 permission(s)
2026-09-28 18:17:35.602 [restartedMain] [] INFO  b.c.server.config.DataSeedConfig - Synced role 'SALES_ASSOCIATE' to 11 permission(s)
2026-09-28 18:17:35.605 [restartedMain] [] INFO  b.c.server.config.DataSeedConfig - Synced role 'CASHIER' to 14 permission(s)
2026-09-28 18:17:35.610 [restartedMain] [] INFO  b.c.server.config.DataSeedConfig - Synced role 'INVENTORY_STAFF' to 11 permission(s)
2026-09-28 18:17:35.615 [restartedMain] [] INFO  b.c.server.config.DataSeedConfig - Synced role 'CUSTOMER_SERVICE_REP' to 17 permission(s)
2026-09-28 18:17:35.619 [restartedMain] [] INFO  b.c.server.config.DataSeedConfig - Synced role 'STOCK_KEEPER' to 0 permission(s)
2026-09-28 18:17:35.623 [restartedMain] [] INFO  b.c.server.config.DataSeedConfig - Synced role 'VISUAL_MERCHANDISER' to 0 permission(s)
2026-09-28 18:17:35.626 [restartedMain] [] INFO  b.c.server.config.DataSeedConfig - Synced role 'SECURITY_STAFF' to 0 permission(s)
2026-09-28 18:17:35.630 [restartedMain] [] INFO  b.c.server.config.DataSeedConfig - Synced role 'CLEANING_STAFF' to 0 permission(s)
2026-09-28 18:17:35.634 [restartedMain] [] INFO  b.c.server.config.DataSeedConfig - Synced role 'INVENTORY_MANAGER' to 20 permission(s)
2026-09-28 18:17:35.638 [restartedMain] [] INFO  b.c.server.config.DataSeedConfig - Synced role 'SALES_MANAGER' to 0 permission(s)
2026-09-28 18:17:35.642 [restartedMain] [] INFO  b.c.server.config.DataSeedConfig - Synced role 'CUSTOMER_SERVICE' to 0 permission(s)
2026-09-28 18:17:35.646 [restartedMain] [] INFO  b.c.server.config.DataSeedConfig - Synced role 'FINANCE_MANAGER' to 19 permission(s)
2026-09-28 18:17:35.650 [restartedMain] [] INFO  b.c.server.config.DataSeedConfig - Synced role 'MARKETING_MANAGER' to 0 permission(s)
2026-09-28 18:17:35.654 [restartedMain] [] INFO  b.c.server.config.DataSeedConfig - Synced role 'SECURITY_OFFICER' to 0 permission(s)
2026-09-28 18:17:35.659 [restartedMain] [] INFO  b.c.server.config.DataSeedConfig - Synced role 'MAINTENANCE_STAFF' to 0 permission(s)
2026-09-28 18:17:35.663 [restartedMain] [] INFO  b.c.server.config.DataSeedConfig - Synced role 'CUSTOMER' to 10 permission(s)
2026-09-28 18:17:35.666 [restartedMain] [] INFO  b.c.server.config.DataSeedConfig - Synced role 'GUEST' to 0 permission(s)
2026-09-28 18:17:35.669 [restartedMain] [] INFO  b.c.server.config.DataSeedConfig - Synced role 'VENDOR_ADMIN' to 0 permission(s)
2026-09-28 18:17:35.673 [restartedMain] [] INFO  b.c.server.config.DataSeedConfig - Synced role 'VENDOR_MANAGER' to 0 permission(s)
2026-09-28 18:17:35.677 [restartedMain] [] INFO  b.c.server.config.DataSeedConfig - Synced role 'APPROVAL_MANAGER' to 0 permission(s)
2026-09-28 18:17:35.681 [restartedMain] [] INFO  b.c.server.config.DataSeedConfig - Synced role 'CONTENT_MANAGER' to 0 permission(s)
2026-09-28 18:17:35.684 [restartedMain] [] INFO  b.c.server.config.DataSeedConfig - Synced role 'ANALYTICS_MANAGER' to 0 permission(s)
2026-09-28 18:17:35.686 [restartedMain] [] INFO  b.c.server.config.DataSeedConfig - Synced role 'SUPPORT_MANAGER' to 0 permission(s)
2026-09-28 18:17:35.689 [restartedMain] [] INFO  b.c.server.config.DataSeedConfig - Synced role 'WAREHOUSE_MANAGER' to 0 permission(s)
2026-09-28 18:17:35.694 [restartedMain] [] INFO  b.c.server.config.DataSeedConfig - Synced role 'LOGISTICS_MANAGER' to 0 permission(s)
2026-09-28 18:17:35.698 [restartedMain] [] INFO  b.c.server.config.DataSeedConfig - Synced role 'QUALITY_ASSURANCE' to 0 permission(s)
2026-09-28 18:17:35.701 [restartedMain] [] INFO  b.c.server.config.DataSeedConfig - Synced role 'RETURNS_MANAGER' to 0 permission(s)
2026-09-28 18:17:35.733 [restartedMain] [] INFO  b.c.server.config.DataSeedConfig - Business types already populated. Skipping business/category/store seed.
2026-09-28 18:17:53.666 [http-nio-9090-exec-1] [] INFO  o.a.c.c.C.[Tomcat].[localhost].[/] - Initializing Spring DispatcherServlet 'dispatcherServlet'
2026-09-28 18:17:53.667 [http-nio-9090-exec-1] [] INFO  o.s.web.servlet.DispatcherServlet - Initializing Servlet 'dispatcherServlet'
2026-09-28 18:17:53.668 [http-nio-9090-exec-1] [] INFO  o.s.web.servlet.DispatcherServlet - Completed initialization in 1 ms
2026-09-28 18:17:56.290 [http-nio-9090-exec-1] [03893a61f51c4c659cea4697beb266ba] INFO  o.s.api.AbstractOpenApiResource - Init duration for springdoc-openapi is: 2148 ms
2026-09-28 18:31:38.908 [File Watcher] [] INFO  o.s.b.d.a.LocalDevToolsAutoConfiguration$RestartingClassPathChangeChangedEventListener - Restarting due to 481 class path changes (1 addition, 480 deletions, 0 modifications)
2026-09-28 18:31:39.320 [Thread-5] [] INFO  o.a.catalina.core.StandardService - Stopping service [Tomcat]
2026-09-28 18:31:39.323 [Thread-5] [] INFO  o.a.c.c.C.[Tomcat].[localhost].[/] - Destroying Spring FrameworkServlet 'dispatcherServlet'
2026-09-28 18:31:39.330 [Thread-5] [] WARN  o.a.c.loader.WebappClassLoaderBase - The web application [ROOT] appears to have started a thread named [HikariPool-1 housekeeper] but has failed to stop it. This is very likely to create a memory leak. Stack trace of thread:
 java.base@17.0.0.1/jdk.internal.misc.Unsafe.park(Native Method)
 java.base@17.0.0.1/java.util.concurrent.locks.LockSupport.parkNanos(LockSupport.java:252)
 java.base@17.0.0.1/java.util.concurrent.locks.AbstractQueuedSynchronizer$ConditionObject.awaitNanos(AbstractQueuedSynchronizer.java:1672)
 java.base@17.0.0.1/java.util.concurrent.ScheduledThreadPoolExecutor$DelayedWorkQueue.take(ScheduledThreadPoolExecutor.java:1182)
 java.base@17.0.0.1/java.util.concurrent.ScheduledThreadPoolExecutor$DelayedWorkQueue.take(ScheduledThreadPoolExecutor.java:899)
 java.base@17.0.0.1/java.util.concurrent.ThreadPoolExecutor.getTask(ThreadPoolExecutor.java:1062)
 java.base@17.0.0.1/java.util.concurrent.ThreadPoolExecutor.runWorker(ThreadPoolExecutor.java:1122)
 java.base@17.0.0.1/java.util.concurrent.ThreadPoolExecutor$Worker.run(ThreadPoolExecutor.java:635)
 java.base@17.0.0.1/java.lang.Thread.run(Thread.java:833)
2026-09-28 18:31:39.368 [Thread-5] [] INFO  o.s.o.j.LocalContainerEntityManagerFactoryBean - Closing JPA EntityManagerFactory for persistence unit 'default'
2026-09-28 18:31:39.384 [Thread-5] [] INFO  com.zaxxer.hikari.HikariDataSource - HikariPool-1 - Shutdown initiated...
2026-09-28 18:31:39.472 [Thread-5] [] INFO  com.zaxxer.hikari.HikariDataSource - HikariPool-1 - Shutdown completed.
2026-09-28 18:31:39.758 [restartedMain] [] INFO  b.craftline.server.ServerApplication - Starting ServerApplication using Java 17.0.0.1 with PID 14808 (D:\work\clapp\ClappN\target\classes started by Shiva in D:\work\clapp\ClappN)
2026-09-28 18:31:39.759 [restartedMain] [] DEBUG b.craftline.server.ServerApplication - Running with Spring Boot v3.1.4, Spring v6.0.12
2026-09-28 18:31:39.760 [restartedMain] [] INFO  b.craftline.server.ServerApplication - The following 1 profile is active: "dev"
2026-09-28 18:31:40.238 [restartedMain] [] INFO  o.s.d.r.c.RepositoryConfigurationDelegate - Bootstrapping Spring Data JPA repositories in DEFAULT mode.
2026-09-28 18:31:40.251 [restartedMain] [] INFO  o.s.d.r.c.RepositoryConfigurationDelegate - Finished Spring Data repository scanning in 11 ms. Found 0 JPA repository interfaces.
2026-09-28 18:31:40.412 [restartedMain] [] INFO  o.s.b.w.e.tomcat.TomcatWebServer - Tomcat initialized with port(s): 9090 (http)
2026-09-28 18:31:40.413 [restartedMain] [] INFO  o.a.catalina.core.StandardService - Starting service [Tomcat]
2026-09-28 18:31:40.413 [restartedMain] [] INFO  o.a.catalina.core.StandardEngine - Starting Servlet engine: [Apache Tomcat/10.1.13]
2026-09-28 18:31:40.442 [restartedMain] [] INFO  o.a.c.c.C.[Tomcat].[localhost].[/] - Initializing Spring embedded WebApplicationContext
2026-09-28 18:31:40.443 [restartedMain] [] INFO  o.s.b.w.s.c.ServletWebServerApplicationContext - Root WebApplicationContext: initialization completed in 679 ms
2026-09-28 18:31:40.528 [restartedMain] [] INFO  com.zaxxer.hikari.HikariDataSource - HikariPool-2 - Starting...
2026-09-28 18:31:40.546 [restartedMain] [] INFO  com.zaxxer.hikari.pool.HikariPool - HikariPool-2 - Added connection com.mysql.cj.jdbc.ConnectionImpl@605da151
2026-09-28 18:31:40.547 [restartedMain] [] INFO  com.zaxxer.hikari.HikariDataSource - HikariPool-2 - Start completed.
2026-09-28 18:31:40.547 [restartedMain] [] INFO  o.f.c.i.d.base.BaseDatabaseType - Database: jdbc:mysql://127.0.0.1:3306/clapp (MySQL 8.0)
2026-09-28 18:31:40.586 [restartedMain] [] INFO  o.f.core.internal.command.DbValidate - Successfully validated 18 migrations (execution time 00:00.028s)
2026-09-28 18:31:40.595 [restartedMain] [] INFO  o.f.core.internal.command.DbMigrate - Current version of schema `clapp`: 17
2026-09-28 18:31:40.596 [restartedMain] [] WARN  o.f.core.internal.command.DbMigrate - outOfOrder mode is active. Migration of schema `clapp` may not be reproducible.
2026-09-28 18:31:40.606 [restartedMain] [] INFO  o.f.core.internal.command.DbMigrate - Migrating schema `clapp` to version "18 - optional business default price"
2026-09-28 18:31:41.030 [restartedMain] [] INFO  o.f.core.internal.command.DbMigrate - Successfully applied 1 migration to schema `clapp`, now at version v18 (execution time 00:00.438s)
2026-09-28 18:31:41.098 [restartedMain] [] INFO  o.h.jpa.internal.util.LogHelper - HHH000204: Processing PersistenceUnitInfo [name: default]
2026-09-28 18:31:41.117 [restartedMain] [] INFO  o.h.b.i.BytecodeProviderInitiator - HHH000021: Bytecode provider name : bytebuddy
2026-09-28 18:31:41.118 [restartedMain] [] INFO  o.s.o.j.p.SpringPersistenceUnitInfo - No LoadTimeWeaver setup: ignoring JPA class transformer
2026-09-28 18:31:41.122 [restartedMain] [] WARN  org.hibernate.orm.deprecation - HHH90000026: MySQL8Dialect has been deprecated; use org.hibernate.dialect.MySQLDialect instead
2026-09-28 18:31:41.130 [restartedMain] [] INFO  o.h.b.i.BytecodeProviderInitiator - HHH000021: Bytecode provider name : bytebuddy
2026-09-28 18:31:41.156 [restartedMain] [] INFO  o.h.e.t.j.p.i.JtaPlatformInitiator - HHH000490: Using JtaPlatform implementation: [org.hibernate.engine.transaction.jta.platform.internal.NoJtaPlatform]
2026-09-28 18:31:41.157 [restartedMain] [] INFO  o.s.o.j.LocalContainerEntityManagerFactoryBean - Initialized JPA EntityManagerFactory for persistence unit 'default'
2026-09-28 18:31:41.288 [restartedMain] [] WARN  o.s.b.a.o.j.JpaBaseConfiguration$JpaWebConfiguration - spring.jpa.open-in-view is enabled by default. Therefore, database queries may be performed during view rendering. Explicitly configure spring.jpa.open-in-view to disable this warning
2026-09-28 18:31:41.602 [restartedMain] [] WARN  o.s.b.a.s.s.UserDetailsServiceAutoConfiguration - 

Using generated security password: 13247685-418b-42fc-9f9b-2691012f5b75

This generated password is for development use only. Your security configuration must be updated before running your application in production.

2026-09-28 18:31:41.648 [restartedMain] [] INFO  o.s.b.a.e.web.EndpointLinksResolver - Exposing 4 endpoint(s) beneath base path '/actuator'
2026-09-28 18:31:41.667 [restartedMain] [] INFO  o.s.s.web.DefaultSecurityFilterChain - Will secure any request with [org.springframework.security.web.session.DisableEncodeUrlFilter@136e03d4, org.springframework.security.web.context.request.async.WebAsyncManagerIntegrationFilter@686fcb80, org.springframework.security.web.context.SecurityContextHolderFilter@18b71784, org.springframework.security.web.header.HeaderWriterFilter@42de68b7, org.springframework.web.filter.CorsFilter@45f6d0e6, org.springframework.security.web.csrf.CsrfFilter@2a188544, org.springframework.security.web.authentication.logout.LogoutFilter@486fe93, org.springframework.security.web.authentication.UsernamePasswordAuthenticationFilter@308fe454, org.springframework.security.web.authentication.ui.DefaultLoginPageGeneratingFilter@4ce29762, org.springframework.security.web.authentication.ui.DefaultLogoutPageGeneratingFilter@25624af0, org.springframework.security.web.authentication.www.BasicAuthenticationFilter@5046065e, org.springframework.security.web.savedrequest.RequestCacheAwareFilter@76eb8373, org.springframework.security.web.servletapi.SecurityContextHolderAwareRequestFilter@7dc8d3bc, org.springframework.security.web.authentication.AnonymousAuthenticationFilter@46f19d2b, org.springframework.security.web.access.ExceptionTranslationFilter@519b5664, org.springframework.security.web.access.intercept.AuthorizationFilter@4cd27fd5]
2026-09-28 18:31:41.709 [restartedMain] [] INFO  o.s.b.d.a.OptionalLiveReloadServer - LiveReload server is running on port 35729
2026-09-28 18:31:41.775 [restartedMain] [] INFO  o.s.b.w.e.tomcat.TomcatWebServer - Tomcat started on port(s): 9090 (http) with context path ''
2026-09-28 18:31:41.789 [restartedMain] [] INFO  b.craftline.server.ServerApplication - Started ServerApplication in 2.15 seconds (process running for 860.286)
2026-09-28 18:31:41.807 [restartedMain] [] INFO  o.s.b.d.a.ConditionEvaluationDeltaLoggingListener - Condition evaluation delta:


==========================
CONDITION EVALUATION DELTA
==========================


Positive matches:
-----------------

   ManagementWebSecurityAutoConfiguration matched:
      - found 'session' scope (OnWebApplicationCondition)
      - AllNestedConditions 2 matched 0 did not; NestedCondition on DefaultWebSecurityCondition.Beans @ConditionalOnMissingBean (types: org.springframework.security.web.SecurityFilterChain; SearchStrategy: all) did not find any beans; NestedCondition on DefaultWebSecurityCondition.Classes @ConditionalOnClass found required classes 'org.springframework.security.web.SecurityFilterChain', 'org.springframework.security.config.annotation.web.builders.HttpSecurity' (DefaultWebSecurityCondition)

   SpringBootWebSecurityConfiguration.WebSecurityEnablerConfiguration matched:
      - @ConditionalOnClass found required class 'org.springframework.security.config.annotation.web.configuration.EnableWebSecurity' (OnClassCondition)
      - @ConditionalOnMissingBean (names: springSecurityFilterChain; SearchStrategy: all) did not find any beans (OnBeanCondition)

   UserDetailsServiceAutoConfiguration matched:
      - @ConditionalOnClass found required class 'org.springframework.security.authentication.AuthenticationManager' (OnClassCondition)
      - @ConditionalOnBean (types: org.springframework.security.config.annotation.ObjectPostProcessor; SearchStrategy: all) found bean 'objectPostProcessor'; @ConditionalOnMissingBean (types: org.springframework.security.authentication.AuthenticationManager,org.springframework.security.authentication.AuthenticationProvider,org.springframework.security.core.userdetails.UserDetailsService,org.springframework.security.authentication.AuthenticationManagerResolver,org.springframework.security.oauth2.jwt.JwtDecoder,org.springframework.security.oauth2.server.resource.introspection.OpaqueTokenIntrospector,org.springframework.security.oauth2.client.registration.ClientRegistrationRepository,org.springframework.security.saml2.provider.service.registration.RelyingPartyRegistrationRepository; SearchStrategy: all) did not find any beans (OnBeanCondition)


Negative matches:
-----------------

    None


Exclusions:
-----------

    None


Unconditional classes:
----------------------

    None



2026-09-28 18:31:54.196 [File Watcher] [] INFO  o.s.b.d.a.LocalDevToolsAutoConfiguration$RestartingClassPathChangeChangedEventListener - Restarting due to 480 class path changes (480 additions, 0 deletions, 0 modifications)
2026-09-28 18:31:54.270 [Thread-7] [] INFO  o.a.catalina.core.StandardService - Stopping service [Tomcat]
2026-09-28 18:31:54.275 [Thread-7] [] INFO  o.s.o.j.LocalContainerEntityManagerFactoryBean - Closing JPA EntityManagerFactory for persistence unit 'default'
2026-09-28 18:31:54.276 [Thread-7] [] INFO  com.zaxxer.hikari.HikariDataSource - HikariPool-2 - Shutdown initiated...
2026-09-28 18:31:54.293 [Thread-7] [] INFO  com.zaxxer.hikari.HikariDataSource - HikariPool-2 - Shutdown completed.
2026-09-28 18:31:54.514 [restartedMain] [] INFO  b.craftline.server.ServerApplication - Starting ServerApplication using Java 17.0.0.1 with PID 14808 (D:\work\clapp\ClappN\target\classes started by Shiva in D:\work\clapp\ClappN)
2026-09-28 18:31:54.514 [restartedMain] [] DEBUG b.craftline.server.ServerApplication - Running with Spring Boot v3.1.4, Spring v6.0.12
2026-09-28 18:31:54.514 [restartedMain] [] INFO  b.craftline.server.ServerApplication - The following 1 profile is active: "dev"
2026-09-28 18:31:57.016 [restartedMain] [] INFO  o.s.d.r.c.RepositoryConfigurationDelegate - Bootstrapping Spring Data JPA repositories in DEFAULT mode.
2026-09-28 18:31:57.161 [restartedMain] [] INFO  o.s.d.r.c.RepositoryConfigurationDelegate - Finished Spring Data repository scanning in 143 ms. Found 44 JPA repository interfaces.
2026-09-28 18:31:57.487 [restartedMain] [] INFO  o.s.b.w.e.tomcat.TomcatWebServer - Tomcat initialized with port(s): 9090 (http)
2026-09-28 18:31:57.488 [restartedMain] [] INFO  o.a.catalina.core.StandardService - Starting service [Tomcat]
2026-09-28 18:31:57.489 [restartedMain] [] INFO  o.a.catalina.core.StandardEngine - Starting Servlet engine: [Apache Tomcat/10.1.13]
2026-09-28 18:31:57.522 [restartedMain] [] INFO  o.a.c.c.C.[Tomcat].[localhost].[/] - Initializing Spring embedded WebApplicationContext
2026-09-28 18:31:57.522 [restartedMain] [] INFO  o.s.b.w.s.c.ServletWebServerApplicationContext - Root WebApplicationContext: initialization completed in 3003 ms
2026-09-28 18:31:57.798 [restartedMain] [] INFO  com.zaxxer.hikari.HikariDataSource - HikariPool-3 - Starting...
2026-09-28 18:31:57.819 [restartedMain] [] INFO  com.zaxxer.hikari.pool.HikariPool - HikariPool-3 - Added connection com.mysql.cj.jdbc.ConnectionImpl@2c73e018
2026-09-28 18:31:57.819 [restartedMain] [] INFO  com.zaxxer.hikari.HikariDataSource - HikariPool-3 - Start completed.
2026-09-28 18:31:57.821 [restartedMain] [] INFO  o.f.c.i.d.base.BaseDatabaseType - Database: jdbc:mysql://127.0.0.1:3306/clapp (MySQL 8.0)
2026-09-28 18:31:57.849 [restartedMain] [] INFO  o.f.core.internal.command.DbValidate - Successfully validated 18 migrations (execution time 00:00.017s)
2026-09-28 18:31:57.862 [restartedMain] [] INFO  o.f.core.internal.command.DbMigrate - Current version of schema `clapp`: 18
2026-09-28 18:31:57.862 [restartedMain] [] WARN  o.f.core.internal.command.DbMigrate - outOfOrder mode is active. Migration of schema `clapp` may not be reproducible.
2026-09-28 18:31:57.863 [restartedMain] [] INFO  o.f.core.internal.command.DbMigrate - Schema `clapp` is up to date. No migration necessary.
2026-09-28 18:31:57.937 [restartedMain] [] INFO  o.h.jpa.internal.util.LogHelper - HHH000204: Processing PersistenceUnitInfo [name: default]
2026-09-28 18:31:57.949 [restartedMain] [] INFO  o.h.b.i.BytecodeProviderInitiator - HHH000021: Bytecode provider name : bytebuddy
2026-09-28 18:31:57.949 [restartedMain] [] INFO  o.s.o.j.p.SpringPersistenceUnitInfo - No LoadTimeWeaver setup: ignoring JPA class transformer
2026-09-28 18:31:57.952 [restartedMain] [] WARN  org.hibernate.orm.deprecation - HHH90000026: MySQL8Dialect has been deprecated; use org.hibernate.dialect.MySQLDialect instead
2026-09-28 18:31:58.123 [restartedMain] [] INFO  o.h.b.i.BytecodeProviderInitiator - HHH000021: Bytecode provider name : bytebuddy
2026-09-28 18:31:58.635 [restartedMain] [] INFO  o.h.e.t.j.p.i.JtaPlatformInitiator - HHH000490: Using JtaPlatform implementation: [org.hibernate.engine.transaction.jta.platform.internal.NoJtaPlatform]
2026-09-28 18:31:59.040 [restartedMain] [] INFO  o.s.o.j.LocalContainerEntityManagerFactoryBean - Initialized JPA EntityManagerFactory for persistence unit 'default'
2026-09-28 18:31:59.422 [restartedMain] [] DEBUG b.c.s.c.s.JwtAuthenticationFilter - Filter 'jwtAuthenticationFilter' configured for use
2026-09-28 18:31:59.422 [restartedMain] [] DEBUG b.c.s.c.security.UserScopeFilter - Filter 'userScopeFilter' configured for use
2026-09-28 18:31:59.422 [restartedMain] [] DEBUG b.c.s.c.security.RequestIdFilter - Filter 'requestIdFilter' configured for use
2026-09-28 18:31:59.423 [restartedMain] [] DEBUG b.c.s.c.o.HttpRequestObservabilityFilter - Filter 'httpRequestObservabilityFilter' configured for use
2026-09-28 18:32:00.117 [restartedMain] [] INFO  b.c.server.util.FileStorageService - Upload directory initialized at: D:\work\clapp\ClappN\uploads
2026-09-28 18:32:01.593 [restartedMain] [] INFO  b.c.s.f.p.a.p.StripePaymentProvider - Stripe provider ready (publishable configured=true)
2026-09-28 18:32:01.928 [restartedMain] [] WARN  o.s.b.a.o.j.JpaBaseConfiguration$JpaWebConfiguration - spring.jpa.open-in-view is enabled by default. Therefore, database queries may be performed during view rendering. Explicitly configure spring.jpa.open-in-view to disable this warning
2026-09-28 18:32:02.344 [restartedMain] [] INFO  o.s.b.a.e.web.EndpointLinksResolver - Exposing 4 endpoint(s) beneath base path '/actuator'
2026-09-28 18:32:02.410 [restartedMain] [] INFO  o.s.s.web.DefaultSecurityFilterChain - Will secure any request with [org.springframework.security.web.session.DisableEncodeUrlFilter@5ce4cd04, org.springframework.security.web.context.request.async.WebAsyncManagerIntegrationFilter@683f129a, org.springframework.security.web.context.SecurityContextHolderFilter@44e4ceb7, org.springframework.security.web.header.HeaderWriterFilter@4b8ef58a, org.springframework.web.filter.CorsFilter@36e6ad4, org.springframework.security.web.authentication.logout.LogoutFilter@15ca7e7d, biz.craftline.server.config.security.JwtAuthenticationFilter@5d511331, biz.craftline.server.config.security.UserScopeFilter@8cc074a, org.springframework.security.web.savedrequest.RequestCacheAwareFilter@4485d71a, org.springframework.security.web.servletapi.SecurityContextHolderAwareRequestFilter@2544c8d4, org.springframework.security.web.authentication.AnonymousAuthenticationFilter@17f388d2, org.springframework.security.web.session.SessionManagementFilter@7039bea5, org.springframework.security.web.access.ExceptionTranslationFilter@503d0930, org.springframework.security.web.access.intercept.AuthorizationFilter@376f339]
2026-09-28 18:32:02.744 [restartedMain] [] INFO  o.s.b.d.a.OptionalLiveReloadServer - LiveReload server is running on port 35729
2026-09-28 18:32:02.831 [restartedMain] [] INFO  o.s.b.w.e.tomcat.TomcatWebServer - Tomcat started on port(s): 9090 (http) with context path ''
2026-09-28 18:32:02.846 [restartedMain] [] INFO  b.craftline.server.ServerApplication - Started ServerApplication in 8.407 seconds (process running for 881.342)
2026-09-28 18:32:02.860 [restartedMain] [] INFO  b.c.s.config.PaymentStartupValidator - Payment startup checks relaxed (non-prod); enabledProviders=[stripe, razorpay]
2026-09-28 18:32:02.861 [restartedMain] [] WARN  b.c.s.c.ProductionStartupValidator - Using default JWT secret — acceptable for local/dev only
2026-09-28 18:32:02.861 [restartedMain] [] INFO  b.c.server.config.DataSeedConfig - Starting database seed initialization (rbacAlign=true, demoData=true)...
2026-09-28 18:32:02.887 [restartedMain] [] WARN  b.c.server.config.DataSeedConfig - Skipping delete of legacy role 'Customer' because canonical 'CUSTOMER' already exists
2026-09-28 18:32:02.914 [restartedMain] [] WARN  b.c.server.config.DataSeedConfig - Skipping delete of legacy role 'Cashier' because canonical 'CASHIER' already exists
2026-09-28 18:32:03.019 [restartedMain] [] WARN  b.c.server.config.DataSeedConfig - Skipping delete of legacy role 'Guest' because canonical 'GUEST' already exists
2026-09-28 18:32:04.170 [restartedMain] [] INFO  b.c.server.config.DataSeedConfig - Permissions catalog ready (0 new, 201 total defined)
2026-09-28 18:32:04.350 [restartedMain] [] INFO  b.c.server.config.DataSeedConfig - Roles catalog ready (0 new, 35 total defined)
2026-09-28 18:32:04.382 [restartedMain] [] INFO  b.c.server.config.DataSeedConfig - Synced role 'SYSTEM_ADMIN' to 201 permission(s)
2026-09-28 18:32:04.394 [restartedMain] [] INFO  b.c.server.config.DataSeedConfig - Synced role 'BUSINESS_OWNER' to 73 permission(s)
2026-09-28 18:32:04.403 [restartedMain] [] INFO  b.c.server.config.DataSeedConfig - Synced role 'BUSINESS_ADMIN' to 50 permission(s)
2026-09-28 18:32:04.412 [restartedMain] [] INFO  b.c.server.config.DataSeedConfig - Synced role 'BUSINESS_MANAGER' to 28 permission(s)
2026-09-28 18:32:04.422 [restartedMain] [] INFO  b.c.server.config.DataSeedConfig - Synced role 'STORE_OWNER' to 93 permission(s)
2026-09-28 18:32:04.430 [restartedMain] [] INFO  b.c.server.config.DataSeedConfig - Synced role 'STORE_MANAGER' to 60 permission(s)
2026-09-28 18:32:04.440 [restartedMain] [] INFO  b.c.server.config.DataSeedConfig - Synced role 'ASSISTANT_MANAGER' to 32 permission(s)
2026-09-28 18:32:04.446 [restartedMain] [] INFO  b.c.server.config.DataSeedConfig - Synced role 'SHIFT_SUPERVISOR' to 13 permission(s)
2026-09-28 18:32:04.455 [restartedMain] [] INFO  b.c.server.config.DataSeedConfig - Synced role 'SALES_ASSOCIATE' to 11 permission(s)
2026-09-28 18:32:04.463 [restartedMain] [] INFO  b.c.server.config.DataSeedConfig - Synced role 'CASHIER' to 14 permission(s)
2026-09-28 18:32:04.470 [restartedMain] [] INFO  b.c.server.config.DataSeedConfig - Synced role 'INVENTORY_STAFF' to 11 permission(s)
2026-09-28 18:32:04.478 [restartedMain] [] INFO  b.c.server.config.DataSeedConfig - Synced role 'CUSTOMER_SERVICE_REP' to 17 permission(s)
2026-09-28 18:32:04.488 [restartedMain] [] INFO  b.c.server.config.DataSeedConfig - Synced role 'STOCK_KEEPER' to 0 permission(s)
2026-09-28 18:32:04.495 [restartedMain] [] INFO  b.c.server.config.DataSeedConfig - Synced role 'VISUAL_MERCHANDISER' to 0 permission(s)
2026-09-28 18:32:04.508 [restartedMain] [] INFO  b.c.server.config.DataSeedConfig - Synced role 'SECURITY_STAFF' to 0 permission(s)
2026-09-28 18:32:04.516 [restartedMain] [] INFO  b.c.server.config.DataSeedConfig - Synced role 'CLEANING_STAFF' to 0 permission(s)
2026-09-28 18:32:04.528 [restartedMain] [] INFO  b.c.server.config.DataSeedConfig - Synced role 'INVENTORY_MANAGER' to 20 permission(s)
2026-09-28 18:32:04.537 [restartedMain] [] INFO  b.c.server.config.DataSeedConfig - Synced role 'SALES_MANAGER' to 0 permission(s)
2026-09-28 18:32:04.546 [restartedMain] [] INFO  b.c.server.config.DataSeedConfig - Synced role 'CUSTOMER_SERVICE' to 0 permission(s)
2026-09-28 18:32:04.559 [restartedMain] [] INFO  b.c.server.config.DataSeedConfig - Synced role 'FINANCE_MANAGER' to 19 permission(s)
2026-09-28 18:32:04.570 [restartedMain] [] INFO  b.c.server.config.DataSeedConfig - Synced role 'MARKETING_MANAGER' to 0 permission(s)
2026-09-28 18:32:04.580 [restartedMain] [] INFO  b.c.server.config.DataSeedConfig - Synced role 'SECURITY_OFFICER' to 0 permission(s)
2026-09-28 18:32:04.600 [restartedMain] [] INFO  b.c.server.config.DataSeedConfig - Synced role 'MAINTENANCE_STAFF' to 0 permission(s)
2026-09-28 18:32:04.615 [restartedMain] [] INFO  b.c.server.config.DataSeedConfig - Synced role 'CUSTOMER' to 10 permission(s)
2026-09-28 18:32:04.625 [restartedMain] [] INFO  b.c.server.config.DataSeedConfig - Synced role 'GUEST' to 0 permission(s)
2026-09-28 18:32:04.640 [restartedMain] [] INFO  b.c.server.config.DataSeedConfig - Synced role 'VENDOR_ADMIN' to 0 permission(s)
2026-09-28 18:32:04.654 [restartedMain] [] INFO  b.c.server.config.DataSeedConfig - Synced role 'VENDOR_MANAGER' to 0 permission(s)
2026-09-28 18:32:04.664 [restartedMain] [] INFO  b.c.server.config.DataSeedConfig - Synced role 'APPROVAL_MANAGER' to 0 permission(s)
2026-09-28 18:32:04.687 [restartedMain] [] INFO  b.c.server.config.DataSeedConfig - Synced role 'CONTENT_MANAGER' to 0 permission(s)
2026-09-28 18:32:04.698 [restartedMain] [] INFO  b.c.server.config.DataSeedConfig - Synced role 'ANALYTICS_MANAGER' to 0 permission(s)
2026-09-28 18:32:04.712 [restartedMain] [] INFO  b.c.server.config.DataSeedConfig - Synced role 'SUPPORT_MANAGER' to 0 permission(s)
2026-09-28 18:32:04.728 [restartedMain] [] INFO  b.c.server.config.DataSeedConfig - Synced role 'WAREHOUSE_MANAGER' to 0 permission(s)
2026-09-28 18:32:04.742 [restartedMain] [] INFO  b.c.server.config.DataSeedConfig - Synced role 'LOGISTICS_MANAGER' to 0 permission(s)
2026-09-28 18:32:04.758 [restartedMain] [] INFO  b.c.server.config.DataSeedConfig - Synced role 'QUALITY_ASSURANCE' to 0 permission(s)
2026-09-28 18:32:04.775 [restartedMain] [] INFO  b.c.server.config.DataSeedConfig - Synced role 'RETURNS_MANAGER' to 0 permission(s)
2026-09-28 18:32:04.813 [restartedMain] [] INFO  b.c.server.config.DataSeedConfig - Business types already populated. Skipping business/category/store seed.
2026-09-28 18:32:04.822 [restartedMain] [] INFO  o.s.b.d.a.ConditionEvaluationDeltaLoggingListener - Condition evaluation delta:


==========================
CONDITION EVALUATION DELTA
==========================


Positive matches:
-----------------

   DataSeedConfig matched:
      - @ConditionalOnProperty (app.seed.enabled=true) matched (OnPropertyCondition)

   MailConfig#loggingMailService matched:
      - @ConditionalOnProperty (app.mail.mode=log) matched (OnPropertyCondition)

   OpenAPIConfig matched:
      - @ConditionalOnProperty (app.security.swagger-enabled=true) matched (OnPropertyCondition)


Negative matches:
-----------------

   MailConfig#smtpMailService:
      Did not match:
         - @ConditionalOnProperty (app.mail.mode=smtp) found different value in property 'app.mail.mode' (OnPropertyCondition)

   ManagementWebSecurityAutoConfiguration:
      Did not match:
         - AllNestedConditions 1 matched 1 did not; NestedCondition on DefaultWebSecurityCondition.Beans @ConditionalOnMissingBean (types: org.springframework.security.web.SecurityFilterChain; SearchStrategy: all) found beans of type 'org.springframework.security.web.SecurityFilterChain' filterChain; NestedCondition on DefaultWebSecurityCondition.Classes @ConditionalOnClass found required classes 'org.springframework.security.web.SecurityFilterChain', 'org.springframework.security.config.annotation.web.builders.HttpSecurity' (DefaultWebSecurityCondition)
      Matched:
         - found 'session' scope (OnWebApplicationCondition)

   SpringBootWebSecurityConfiguration.WebSecurityEnablerConfiguration:
      Did not match:
         - @ConditionalOnMissingBean (names: springSecurityFilterChain; SearchStrategy: all) found beans named springSecurityFilterChain (OnBeanCondition)
      Matched:
         - @ConditionalOnClass found required class 'org.springframework.security.config.annotation.web.configuration.EnableWebSecurity' (OnClassCondition)

   UserDetailsServiceAutoConfiguration:
      Did not match:
         - @ConditionalOnMissingBean (types: org.springframework.security.authentication.AuthenticationManager,org.springframework.security.authentication.AuthenticationProvider,org.springframework.security.core.userdetails.UserDetailsService,org.springframework.security.authentication.AuthenticationManagerResolver,org.springframework.security.oauth2.jwt.JwtDecoder,org.springframework.security.oauth2.server.resource.introspection.OpaqueTokenIntrospector,org.springframework.security.oauth2.client.registration.ClientRegistrationRepository,org.springframework.security.saml2.provider.service.registration.RelyingPartyRegistrationRepository; SearchStrategy: all) found beans of type 'org.springframework.security.authentication.AuthenticationManager' authenticationManager and found beans of type 'org.springframework.security.core.userdetails.UserDetailsService' userService (OnBeanCondition)
      Matched:
         - @ConditionalOnClass found required class 'org.springframework.security.authentication.AuthenticationManager' (OnClassCondition)


Exclusions:
-----------

    None


Unconditional classes:
----------------------

    None



2026-09-28 18:32:21.230 [http-nio-9090-exec-1] [] INFO  o.a.c.c.C.[Tomcat].[localhost].[/] - Initializing Spring DispatcherServlet 'dispatcherServlet'
2026-09-28 18:32:21.230 [http-nio-9090-exec-1] [] INFO  o.s.web.servlet.DispatcherServlet - Initializing Servlet 'dispatcherServlet'
2026-09-28 18:32:21.232 [http-nio-9090-exec-1] [] INFO  o.s.web.servlet.DispatcherServlet - Completed initialization in 2 ms
2026-09-28 18:32:23.515 [http-nio-9090-exec-9] [7bc32eb960094603ad1eae84a0d65216] INFO  o.s.api.AbstractOpenApiResource - Init duration for springdoc-openapi is: 1955 ms
2026-09-28 18:32:33.892 [File Watcher] [] INFO  o.s.b.d.a.LocalDevToolsAutoConfiguration$RestartingClassPathChangeChangedEventListener - Restarting due to 480 class path changes (0 additions, 480 deletions, 0 modifications)
2026-09-28 18:32:33.926 [Thread-11] [] INFO  o.a.catalina.core.StandardService - Stopping service [Tomcat]
2026-09-28 18:32:33.927 [Thread-11] [] INFO  o.a.c.c.C.[Tomcat].[localhost].[/] - Destroying Spring FrameworkServlet 'dispatcherServlet'
2026-09-28 18:32:33.930 [Thread-11] [] WARN  o.a.c.loader.WebappClassLoaderBase - The web application [ROOT] appears to have started a thread named [HikariPool-3 housekeeper] but has failed to stop it. This is very likely to create a memory leak. Stack trace of thread:
 java.base@17.0.0.1/jdk.internal.misc.Unsafe.park(Native Method)
 java.base@17.0.0.1/java.util.concurrent.locks.LockSupport.parkNanos(LockSupport.java:252)
 java.base@17.0.0.1/java.util.concurrent.locks.AbstractQueuedSynchronizer$ConditionObject.awaitNanos(AbstractQueuedSynchronizer.java:1672)
 java.base@17.0.0.1/java.util.concurrent.ScheduledThreadPoolExecutor$DelayedWorkQueue.take(ScheduledThreadPoolExecutor.java:1182)
 java.base@17.0.0.1/java.util.concurrent.ScheduledThreadPoolExecutor$DelayedWorkQueue.take(ScheduledThreadPoolExecutor.java:899)
 java.base@17.0.0.1/java.util.concurrent.ThreadPoolExecutor.getTask(ThreadPoolExecutor.java:1062)
 java.base@17.0.0.1/java.util.concurrent.ThreadPoolExecutor.runWorker(ThreadPoolExecutor.java:1122)
 java.base@17.0.0.1/java.util.concurrent.ThreadPoolExecutor$Worker.run(ThreadPoolExecutor.java:635)
 java.base@17.0.0.1/java.lang.Thread.run(Thread.java:833)
2026-09-28 18:32:33.952 [Thread-11] [] INFO  o.s.o.j.LocalContainerEntityManagerFactoryBean - Closing JPA EntityManagerFactory for persistence unit 'default'
2026-09-28 18:32:33.955 [Thread-11] [] INFO  com.zaxxer.hikari.HikariDataSource - HikariPool-3 - Shutdown initiated...
2026-09-28 18:32:33.978 [Thread-11] [] INFO  com.zaxxer.hikari.HikariDataSource - HikariPool-3 - Shutdown completed.
2026-09-28 18:32:34.279 [restartedMain] [] INFO  b.craftline.server.ServerApplication - Starting ServerApplication using Java 17.0.0.1 with PID 14808 (D:\work\clapp\ClappN\target\classes started by Shiva in D:\work\clapp\ClappN)
2026-09-28 18:32:34.293 [restartedMain] [] DEBUG b.craftline.server.ServerApplication - Running with Spring Boot v3.1.4, Spring v6.0.12
2026-09-28 18:32:34.310 [restartedMain] [] INFO  b.craftline.server.ServerApplication - The following 1 profile is active: "dev"
2026-09-28 18:32:35.012 [restartedMain] [] INFO  o.s.d.r.c.RepositoryConfigurationDelegate - Bootstrapping Spring Data JPA repositories in DEFAULT mode.
2026-09-28 18:32:35.024 [restartedMain] [] INFO  o.s.d.r.c.RepositoryConfigurationDelegate - Finished Spring Data repository scanning in 11 ms. Found 0 JPA repository interfaces.
2026-09-28 18:32:35.104 [restartedMain] [] ERROR o.s.boot.SpringApplication - Application run failed
java.lang.NullPointerException: Cannot read field "generatedClass" because "data" is null
	at org.springframework.cglib.proxy.Enhancer.nextInstance(Enhancer.java:783)
	at org.springframework.cglib.core.AbstractClassGenerator.create(AbstractClassGenerator.java:321)
	at org.springframework.cglib.proxy.Enhancer.createHelper(Enhancer.java:562)
	at org.springframework.cglib.proxy.Enhancer.createClass(Enhancer.java:407)
	at org.springframework.context.annotation.ConfigurationClassEnhancer.createClass(ConfigurationClassEnhancer.java:138)
	at org.springframework.context.annotation.ConfigurationClassEnhancer.enhance(ConfigurationClassEnhancer.java:109)
	at org.springframework.context.annotation.ConfigurationClassPostProcessor.enhanceConfigurationClasses(ConfigurationClassPostProcessor.java:531)
	at org.springframework.context.annotation.ConfigurationClassPostProcessor.postProcessBeanFactory(ConfigurationClassPostProcessor.java:308)
	at org.springframework.context.support.PostProcessorRegistrationDelegate.invokeBeanFactoryPostProcessors(PostProcessorRegistrationDelegate.java:358)
	at org.springframework.context.support.PostProcessorRegistrationDelegate.invokeBeanFactoryPostProcessors(PostProcessorRegistrationDelegate.java:150)
	at org.springframework.context.support.AbstractApplicationContext.invokeBeanFactoryPostProcessors(AbstractApplicationContext.java:771)
	at org.springframework.context.support.AbstractApplicationContext.refresh(AbstractApplicationContext.java:589)
	at org.springframework.boot.web.servlet.context.ServletWebServerApplicationContext.refresh(ServletWebServerApplicationContext.java:146)
	at org.springframework.boot.SpringApplication.refresh(SpringApplication.java:737)
	at org.springframework.boot.SpringApplication.refreshContext(SpringApplication.java:439)
	at org.springframework.boot.SpringApplication.run(SpringApplication.java:315)
	at org.springframework.boot.SpringApplication.run(SpringApplication.java:1309)
	at org.springframework.boot.SpringApplication.run(SpringApplication.java:1298)
	at biz.craftline.server.ServerApplication.main(ServerApplication.java:17)
	at java.base/jdk.internal.reflect.NativeMethodAccessorImpl.invoke0(Native Method)
	at java.base/jdk.internal.reflect.NativeMethodAccessorImpl.invoke(NativeMethodAccessorImpl.java:77)
	at java.base/jdk.internal.reflect.DelegatingMethodAccessorImpl.invoke(DelegatingMethodAccessorImpl.java:43)
	at java.base/java.lang.reflect.Method.invoke(Method.java:568)
	at org.springframework.boot.devtools.restart.RestartLauncher.run(RestartLauncher.java:50)
2026-09-28 18:32:48.384 [restartedMain] [] INFO  o.s.b.d.e.DevToolsPropertyDefaultsPostProcessor - Devtools property defaults active! Set 'spring.devtools.add-properties' to 'false' to disable
2026-09-28 18:32:48.385 [restartedMain] [] INFO  o.s.b.d.e.DevToolsPropertyDefaultsPostProcessor - For additional web related logging consider setting the 'logging.level.web' property to 'DEBUG'
2026-09-28 18:32:48.390 [restartedMain] [] INFO  b.craftline.server.ServerApplication - Starting ServerApplication using Java 17.0.0.1 with PID 14808 (D:\work\clapp\ClappN\target\classes started by Shiva in D:\work\clapp\ClappN)
2026-09-28 18:32:48.390 [restartedMain] [] DEBUG b.craftline.server.ServerApplication - Running with Spring Boot v3.1.4, Spring v6.0.12
2026-09-28 18:32:48.390 [restartedMain] [] INFO  b.craftline.server.ServerApplication - The following 1 profile is active: "dev"
2026-09-28 18:32:51.771 [restartedMain] [] INFO  o.s.d.r.c.RepositoryConfigurationDelegate - Bootstrapping Spring Data JPA repositories in DEFAULT mode.
2026-09-28 18:32:51.984 [restartedMain] [] INFO  o.s.d.r.c.RepositoryConfigurationDelegate - Finished Spring Data repository scanning in 211 ms. Found 44 JPA repository interfaces.
2026-09-28 18:32:52.338 [restartedMain] [] INFO  o.s.b.w.e.tomcat.TomcatWebServer - Tomcat initialized with port(s): 9090 (http)
2026-09-28 18:32:52.339 [restartedMain] [] INFO  o.a.catalina.core.StandardService - Starting service [Tomcat]
2026-09-28 18:32:52.340 [restartedMain] [] INFO  o.a.catalina.core.StandardEngine - Starting Servlet engine: [Apache Tomcat/10.1.13]
2026-09-28 18:32:52.376 [restartedMain] [] INFO  o.a.c.c.C.[Tomcat].[localhost].[/] - Initializing Spring embedded WebApplicationContext
2026-09-28 18:32:52.378 [restartedMain] [] INFO  o.s.b.w.s.c.ServletWebServerApplicationContext - Root WebApplicationContext: initialization completed in 3986 ms
2026-09-28 18:32:52.509 [restartedMain] [] ERROR o.s.b.w.e.tomcat.TomcatStarter - Error starting Tomcat context. Exception: org.springframework.beans.factory.UnsatisfiedDependencyException. Message: Error creating bean with name 'jwtAuthenticationFilter' defined in file [D:\work\clapp\ClappN\target\classes\biz\craftline\server\config\security\JwtAuthenticationFilter.class]: Unsatisfied dependency expressed through constructor parameter 0: Error creating bean with name 'jwtTokenProvider': Lookup method resolution failed
2026-09-28 18:32:52.510 [restartedMain] [] INFO  o.a.catalina.core.StandardService - Stopping service [Tomcat]
2026-09-28 18:32:52.511 [restartedMain] [] WARN  o.s.b.w.s.c.AnnotationConfigServletWebServerApplicationContext - Exception encountered during context initialization - cancelling refresh attempt: org.springframework.context.ApplicationContextException: Unable to start web server
2026-09-28 18:32:52.523 [restartedMain] [] INFO  o.s.b.a.l.ConditionEvaluationReportLogger - 

Error starting ApplicationContext. To display the condition evaluation report re-run your application with 'debug' enabled.
2026-09-28 18:32:52.527 [restartedMain] [] ERROR o.s.boot.SpringApplication - Application run failed
org.springframework.context.ApplicationContextException: Unable to start web server
	at org.springframework.boot.web.servlet.context.ServletWebServerApplicationContext.onRefresh(ServletWebServerApplicationContext.java:164)
	at org.springframework.context.support.AbstractApplicationContext.refresh(AbstractApplicationContext.java:602)
	at org.springframework.boot.web.servlet.context.ServletWebServerApplicationContext.refresh(ServletWebServerApplicationContext.java:146)
	at org.springframework.boot.SpringApplication.refresh(SpringApplication.java:737)
	at org.springframework.boot.SpringApplication.refreshContext(SpringApplication.java:439)
	at org.springframework.boot.SpringApplication.run(SpringApplication.java:315)
	at org.springframework.boot.SpringApplication.run(SpringApplication.java:1309)
	at org.springframework.boot.SpringApplication.run(SpringApplication.java:1298)
	at biz.craftline.server.ServerApplication.main(ServerApplication.java:17)
	at java.base/jdk.internal.reflect.NativeMethodAccessorImpl.invoke0(Native Method)
	at java.base/jdk.internal.reflect.NativeMethodAccessorImpl.invoke(NativeMethodAccessorImpl.java:77)
	at java.base/jdk.internal.reflect.DelegatingMethodAccessorImpl.invoke(DelegatingMethodAccessorImpl.java:43)
	at java.base/java.lang.reflect.Method.invoke(Method.java:568)
	at org.springframework.boot.devtools.restart.RestartLauncher.run(RestartLauncher.java:50)
Caused by: org.springframework.boot.web.server.WebServerException: Unable to start embedded Tomcat
	at org.springframework.boot.web.embedded.tomcat.TomcatWebServer.initialize(TomcatWebServer.java:142)
	at org.springframework.boot.web.embedded.tomcat.TomcatWebServer.<init>(TomcatWebServer.java:104)
	at org.springframework.boot.web.embedded.tomcat.TomcatServletWebServerFactory.getTomcatWebServer(TomcatServletWebServerFactory.java:489)
	at org.springframework.boot.web.embedded.tomcat.TomcatServletWebServerFactory.getWebServer(TomcatServletWebServerFactory.java:211)
	at org.springframework.boot.web.servlet.context.ServletWebServerApplicationContext.createWebServer(ServletWebServerApplicationContext.java:183)
	at org.springframework.boot.web.servlet.context.ServletWebServerApplicationContext.onRefresh(ServletWebServerApplicationContext.java:161)
	... 13 common frames omitted
Caused by: org.springframework.beans.factory.UnsatisfiedDependencyException: Error creating bean with name 'jwtAuthenticationFilter' defined in file [D:\work\clapp\ClappN\target\classes\biz\craftline\server\config\security\JwtAuthenticationFilter.class]: Unsatisfied dependency expressed through constructor parameter 0: Error creating bean with name 'jwtTokenProvider': Lookup method resolution failed
	at org.springframework.beans.factory.support.ConstructorResolver.createArgumentArray(ConstructorResolver.java:801)
	at org.springframework.beans.factory.support.ConstructorResolver.autowireConstructor(ConstructorResolver.java:240)
	at org.springframework.beans.factory.support.AbstractAutowireCapableBeanFactory.autowireConstructor(AbstractAutowireCapableBeanFactory.java:1352)
	at org.springframework.beans.factory.support.AbstractAutowireCapableBeanFactory.createBeanInstance(AbstractAutowireCapableBeanFactory.java:1189)
	at org.springframework.beans.factory.support.AbstractAutowireCapableBeanFactory.doCreateBean(AbstractAutowireCapableBeanFactory.java:560)
	at org.springframework.beans.factory.support.AbstractAutowireCapableBeanFactory.createBean(AbstractAutowireCapableBeanFactory.java:520)
	at org.springframework.beans.factory.support.AbstractBeanFactory.lambda$doGetBean$0(AbstractBeanFactory.java:325)
	at org.springframework.beans.factory.support.DefaultSingletonBeanRegistry.getSingleton(DefaultSingletonBeanRegistry.java:234)
	at org.springframework.beans.factory.support.AbstractBeanFactory.doGetBean(AbstractBeanFactory.java:323)
	at org.springframework.beans.factory.support.AbstractBeanFactory.getBean(AbstractBeanFactory.java:204)
	at org.springframework.boot.web.servlet.ServletContextInitializerBeans.getOrderedBeansOfType(ServletContextInitializerBeans.java:210)
	at org.springframework.boot.web.servlet.ServletContextInitializerBeans.addAsRegistrationBean(ServletContextInitializerBeans.java:173)
	at org.springframework.boot.web.servlet.ServletContextInitializerBeans.addAsRegistrationBean(ServletContextInitializerBeans.java:168)
	at org.springframework.boot.web.servlet.ServletContextInitializerBeans.addAdaptableBeans(ServletContextInitializerBeans.java:153)
	at org.springframework.boot.web.servlet.ServletContextInitializerBeans.<init>(ServletContextInitializerBeans.java:86)
	at org.springframework.boot.web.servlet.context.ServletWebServerApplicationContext.getServletContextInitializerBeans(ServletWebServerApplicationContext.java:261)
	at org.springframework.boot.web.servlet.context.ServletWebServerApplicationContext.selfInitialize(ServletWebServerApplicationContext.java:235)
	at org.springframework.boot.web.embedded.tomcat.TomcatStarter.onStartup(TomcatStarter.java:52)
	at org.apache.catalina.core.StandardContext.startInternal(StandardContext.java:4850)
	at org.apache.catalina.util.LifecycleBase.start(LifecycleBase.java:171)
	at org.apache.catalina.core.ContainerBase$StartChild.call(ContainerBase.java:1332)
	at org.apache.catalina.core.ContainerBase$StartChild.call(ContainerBase.java:1322)
	at java.base/java.util.concurrent.FutureTask.run(FutureTask.java:264)
	at org.apache.tomcat.util.threads.InlineExecutorService.execute(InlineExecutorService.java:75)
	at java.base/java.util.concurrent.AbstractExecutorService.submit(AbstractExecutorService.java:145)
	at org.apache.catalina.core.ContainerBase.startInternal(ContainerBase.java:866)
	at org.apache.catalina.core.StandardHost.startInternal(StandardHost.java:846)
	at org.apache.catalina.util.LifecycleBase.start(LifecycleBase.java:171)
	at org.apache.catalina.core.ContainerBase$StartChild.call(ContainerBase.java:1332)
	at org.apache.catalina.core.ContainerBase$StartChild.call(ContainerBase.java:1322)
	at java.base/java.util.concurrent.FutureTask.run(FutureTask.java:264)
	at org.apache.tomcat.util.threads.InlineExecutorService.execute(InlineExecutorService.java:75)
	at java.base/java.util.concurrent.AbstractExecutorService.submit(AbstractExecutorService.java:145)
	at org.apache.catalina.core.ContainerBase.startInternal(ContainerBase.java:866)
	at org.apache.catalina.core.StandardEngine.startInternal(StandardEngine.java:241)
	at org.apache.catalina.util.LifecycleBase.start(LifecycleBase.java:171)
	at org.apache.catalina.core.StandardService.startInternal(StandardService.java:433)
	at org.apache.catalina.util.LifecycleBase.start(LifecycleBase.java:171)
	at org.apache.catalina.core.StandardServer.startInternal(StandardServer.java:918)
	at org.apache.catalina.util.LifecycleBase.start(LifecycleBase.java:171)
	at org.apache.catalina.startup.Tomcat.start(Tomcat.java:485)
	at org.springframework.boot.web.embedded.tomcat.TomcatWebServer.initialize(TomcatWebServer.java:123)
	... 18 common frames omitted
Caused by: org.springframework.beans.factory.BeanCreationException: Error creating bean with name 'jwtTokenProvider': Lookup method resolution failed
	at org.springframework.beans.factory.annotation.AutowiredAnnotationBeanPostProcessor.checkLookupMethods(AutowiredAnnotationBeanPostProcessor.java:481)
	at org.springframework.beans.factory.annotation.AutowiredAnnotationBeanPostProcessor.determineCandidateConstructors(AutowiredAnnotationBeanPostProcessor.java:351)
	at org.springframework.beans.factory.support.AbstractAutowireCapableBeanFactory.determineConstructorsFromBeanPostProcessors(AbstractAutowireCapableBeanFactory.java:1291)
	at org.springframework.beans.factory.support.AbstractAutowireCapableBeanFactory.createBeanInstance(AbstractAutowireCapableBeanFactory.java:1186)
	at org.springframework.beans.factory.support.AbstractAutowireCapableBeanFactory.doCreateBean(AbstractAutowireCapableBeanFactory.java:560)
	at org.springframework.beans.factory.support.AbstractAutowireCapableBeanFactory.createBean(AbstractAutowireCapableBeanFactory.java:520)
	at org.springframework.beans.factory.support.AbstractBeanFactory.lambda$doGetBean$0(AbstractBeanFactory.java:325)
	at org.springframework.beans.factory.support.DefaultSingletonBeanRegistry.getSingleton(DefaultSingletonBeanRegistry.java:234)
	at org.springframework.beans.factory.support.AbstractBeanFactory.doGetBean(AbstractBeanFactory.java:323)
	at org.springframework.beans.factory.support.AbstractBeanFactory.getBean(AbstractBeanFactory.java:199)
	at org.springframework.beans.factory.config.DependencyDescriptor.resolveCandidate(DependencyDescriptor.java:254)
	at org.springframework.beans.factory.support.DefaultListableBeanFactory.doResolveDependency(DefaultListableBeanFactory.java:1417)
	at org.springframework.beans.factory.support.DefaultListableBeanFactory.resolveDependency(DefaultListableBeanFactory.java:1337)
	at org.springframework.beans.factory.support.ConstructorResolver.resolveAutowiredArgument(ConstructorResolver.java:910)
	at org.springframework.beans.factory.support.ConstructorResolver.createArgumentArray(ConstructorResolver.java:788)
	... 59 common frames omitted
Caused by: java.lang.IllegalStateException: Failed to introspect Class [biz.craftline.server.config.security.JwtTokenProvider] from ClassLoader [org.springframework.boot.devtools.restart.classloader.RestartClassLoader@54d852c1]
	at org.springframework.util.ReflectionUtils.getDeclaredMethods(ReflectionUtils.java:483)
	at org.springframework.util.ReflectionUtils.doWithLocalMethods(ReflectionUtils.java:320)
	at org.springframework.beans.factory.annotation.AutowiredAnnotationBeanPostProcessor.checkLookupMethods(AutowiredAnnotationBeanPostProcessor.java:459)
	... 73 common frames omitted
Caused by: java.lang.NoClassDefFoundError: biz/craftline/server/feature/usermanagement/domain/model/TokenInfo
	at java.base/java.lang.Class.getDeclaredMethods0(Native Method)
	at java.base/java.lang.Class.privateGetDeclaredMethods(Class.java:3402)
	at java.base/java.lang.Class.getDeclaredMethods(Class.java:2504)
	at org.springframework.util.ReflectionUtils.getDeclaredMethods(ReflectionUtils.java:465)
	... 75 common frames omitted
Caused by: java.lang.ClassNotFoundException: biz.craftline.server.feature.usermanagement.domain.model.TokenInfo
	at java.base/jdk.internal.loader.BuiltinClassLoader.loadClass(BuiltinClassLoader.java:641)
	at java.base/jdk.internal.loader.ClassLoaders$AppClassLoader.loadClass(ClassLoaders.java:188)
	at java.base/java.lang.ClassLoader.loadClass(ClassLoader.java:520)
	at java.base/java.lang.Class.forName0(Native Method)
	at java.base/java.lang.Class.forName(Class.java:467)
	at org.springframework.boot.devtools.restart.classloader.RestartClassLoader.loadClass(RestartClassLoader.java:121)
	at java.base/java.lang.ClassLoader.loadClass(ClassLoader.java:520)
	... 79 common frames omitted
2026-09-28 18:32:54.072 [restartedMain] [] INFO  b.craftline.server.ServerApplication - Starting ServerApplication using Java 17.0.0.1 with PID 14808 (D:\work\clapp\ClappN\target\classes started by Shiva in D:\work\clapp\ClappN)
2026-09-28 18:32:54.073 [restartedMain] [] DEBUG b.craftline.server.ServerApplication - Running with Spring Boot v3.1.4, Spring v6.0.12
2026-09-28 18:32:54.073 [restartedMain] [] INFO  b.craftline.server.ServerApplication - The following 1 profile is active: "dev"
2026-09-28 18:32:54.441 [restartedMain] [] INFO  o.s.d.r.c.RepositoryConfigurationDelegate - Bootstrapping Spring Data JPA repositories in DEFAULT mode.
2026-09-28 18:32:54.454 [restartedMain] [] INFO  o.s.d.r.c.RepositoryConfigurationDelegate - Finished Spring Data repository scanning in 12 ms. Found 0 JPA repository interfaces.
2026-09-28 18:32:54.504 [restartedMain] [] ERROR o.s.boot.SpringApplication - Application run failed
java.lang.NullPointerException: Cannot read field "generatedClass" because "data" is null
	at org.springframework.cglib.proxy.Enhancer.nextInstance(Enhancer.java:783)
	at org.springframework.cglib.core.AbstractClassGenerator.create(AbstractClassGenerator.java:321)
	at org.springframework.cglib.proxy.Enhancer.createHelper(Enhancer.java:562)
	at org.springframework.cglib.proxy.Enhancer.createClass(Enhancer.java:407)
	at org.springframework.context.annotation.ConfigurationClassEnhancer.createClass(ConfigurationClassEnhancer.java:138)
	at org.springframework.context.annotation.ConfigurationClassEnhancer.enhance(ConfigurationClassEnhancer.java:109)
	at org.springframework.context.annotation.ConfigurationClassPostProcessor.enhanceConfigurationClasses(ConfigurationClassPostProcessor.java:531)
	at org.springframework.context.annotation.ConfigurationClassPostProcessor.postProcessBeanFactory(ConfigurationClassPostProcessor.java:308)
	at org.springframework.context.support.PostProcessorRegistrationDelegate.invokeBeanFactoryPostProcessors(PostProcessorRegistrationDelegate.java:358)
	at org.springframework.context.support.PostProcessorRegistrationDelegate.invokeBeanFactoryPostProcessors(PostProcessorRegistrationDelegate.java:150)
	at org.springframework.context.support.AbstractApplicationContext.invokeBeanFactoryPostProcessors(AbstractApplicationContext.java:771)
	at org.springframework.context.support.AbstractApplicationContext.refresh(AbstractApplicationContext.java:589)
	at org.springframework.boot.web.servlet.context.ServletWebServerApplicationContext.refresh(ServletWebServerApplicationContext.java:146)
	at org.springframework.boot.SpringApplication.refresh(SpringApplication.java:737)
	at org.springframework.boot.SpringApplication.refreshContext(SpringApplication.java:439)
	at org.springframework.boot.SpringApplication.run(SpringApplication.java:315)
	at org.springframework.boot.SpringApplication.run(SpringApplication.java:1309)
	at org.springframework.boot.SpringApplication.run(SpringApplication.java:1298)
	at biz.craftline.server.ServerApplication.main(ServerApplication.java:17)
	at java.base/jdk.internal.reflect.NativeMethodAccessorImpl.invoke0(Native Method)
	at java.base/jdk.internal.reflect.NativeMethodAccessorImpl.invoke(NativeMethodAccessorImpl.java:77)
	at java.base/jdk.internal.reflect.DelegatingMethodAccessorImpl.invoke(DelegatingMethodAccessorImpl.java:43)
	at java.base/java.lang.reflect.Method.invoke(Method.java:568)
	at org.springframework.boot.devtools.restart.RestartLauncher.run(RestartLauncher.java:50)
2026-09-28 18:33:07.151 [restartedMain] [] INFO  o.s.b.d.e.DevToolsPropertyDefaultsPostProcessor - Devtools property defaults active! Set 'spring.devtools.add-properties' to 'false' to disable
2026-09-28 18:33:07.152 [restartedMain] [] INFO  o.s.b.d.e.DevToolsPropertyDefaultsPostProcessor - For additional web related logging consider setting the 'logging.level.web' property to 'DEBUG'
2026-09-28 18:33:07.159 [restartedMain] [] INFO  b.craftline.server.ServerApplication - Starting ServerApplication using Java 17.0.0.1 with PID 14808 (D:\work\clapp\ClappN\target\classes started by Shiva in D:\work\clapp\ClappN)
2026-09-28 18:33:07.160 [restartedMain] [] DEBUG b.craftline.server.ServerApplication - Running with Spring Boot v3.1.4, Spring v6.0.12
2026-09-28 18:33:07.160 [restartedMain] [] INFO  b.craftline.server.ServerApplication - The following 1 profile is active: "dev"
2026-09-28 18:33:09.109 [restartedMain] [] INFO  o.s.d.r.c.RepositoryConfigurationDelegate - Bootstrapping Spring Data JPA repositories in DEFAULT mode.
2026-09-28 18:33:09.274 [restartedMain] [] INFO  o.s.d.r.c.RepositoryConfigurationDelegate - Finished Spring Data repository scanning in 165 ms. Found 44 JPA repository interfaces.
2026-09-28 18:33:09.686 [restartedMain] [] INFO  o.s.b.w.e.tomcat.TomcatWebServer - Tomcat initialized with port(s): 9090 (http)
2026-09-28 18:33:09.689 [restartedMain] [] INFO  o.a.catalina.core.StandardService - Starting service [Tomcat]
2026-09-28 18:33:09.690 [restartedMain] [] INFO  o.a.catalina.core.StandardEngine - Starting Servlet engine: [Apache Tomcat/10.1.13]
2026-09-28 18:33:09.719 [restartedMain] [] INFO  o.a.c.c.C.[Tomcat-1].[localhost].[/] - Initializing Spring embedded WebApplicationContext
2026-09-28 18:33:09.719 [restartedMain] [] INFO  o.s.b.w.s.c.ServletWebServerApplicationContext - Root WebApplicationContext: initialization completed in 2557 ms
2026-09-28 18:33:09.999 [restartedMain] [] INFO  com.zaxxer.hikari.HikariDataSource - HikariPool-4 - Starting...
2026-09-28 18:33:10.020 [restartedMain] [] INFO  com.zaxxer.hikari.pool.HikariPool - HikariPool-4 - Added connection com.mysql.cj.jdbc.ConnectionImpl@450303cf
2026-09-28 18:33:10.021 [restartedMain] [] INFO  com.zaxxer.hikari.HikariDataSource - HikariPool-4 - Start completed.
2026-09-28 18:33:10.021 [restartedMain] [] INFO  o.f.c.i.d.base.BaseDatabaseType - Database: jdbc:mysql://127.0.0.1:3306/clapp (MySQL 8.0)
2026-09-28 18:33:10.050 [restartedMain] [] INFO  o.f.core.internal.command.DbValidate - Successfully validated 18 migrations (execution time 00:00.021s)
2026-09-28 18:33:10.064 [restartedMain] [] INFO  o.f.core.internal.command.DbMigrate - Current version of schema `clapp`: 18
2026-09-28 18:33:10.066 [restartedMain] [] WARN  o.f.core.internal.command.DbMigrate - outOfOrder mode is active. Migration of schema `clapp` may not be reproducible.
2026-09-28 18:33:10.068 [restartedMain] [] INFO  o.f.core.internal.command.DbMigrate - Schema `clapp` is up to date. No migration necessary.
2026-09-28 18:33:10.166 [restartedMain] [] INFO  o.h.jpa.internal.util.LogHelper - HHH000204: Processing PersistenceUnitInfo [name: default]
2026-09-28 18:33:10.176 [restartedMain] [] INFO  o.h.b.i.BytecodeProviderInitiator - HHH000021: Bytecode provider name : bytebuddy
2026-09-28 18:33:10.176 [restartedMain] [] INFO  o.s.o.j.p.SpringPersistenceUnitInfo - No LoadTimeWeaver setup: ignoring JPA class transformer
2026-09-28 18:33:10.177 [restartedMain] [] WARN  org.hibernate.orm.deprecation - HHH90000026: MySQL8Dialect has been deprecated; use org.hibernate.dialect.MySQLDialect instead
2026-09-28 18:33:10.368 [restartedMain] [] INFO  o.h.b.i.BytecodeProviderInitiator - HHH000021: Bytecode provider name : bytebuddy
2026-09-28 18:33:10.946 [restartedMain] [] INFO  o.h.e.t.j.p.i.JtaPlatformInitiator - HHH000490: Using JtaPlatform implementation: [org.hibernate.engine.transaction.jta.platform.internal.NoJtaPlatform]
2026-09-28 18:33:11.371 [restartedMain] [] INFO  o.s.o.j.LocalContainerEntityManagerFactoryBean - Initialized JPA EntityManagerFactory for persistence unit 'default'
2026-09-28 18:33:11.759 [restartedMain] [] DEBUG b.c.s.c.s.JwtAuthenticationFilter - Filter 'jwtAuthenticationFilter' configured for use
2026-09-28 18:33:11.759 [restartedMain] [] DEBUG b.c.s.c.security.UserScopeFilter - Filter 'userScopeFilter' configured for use
2026-09-28 18:33:11.760 [restartedMain] [] DEBUG b.c.s.c.security.RequestIdFilter - Filter 'requestIdFilter' configured for use
2026-09-28 18:33:11.760 [restartedMain] [] DEBUG b.c.s.c.o.HttpRequestObservabilityFilter - Filter 'httpRequestObservabilityFilter' configured for use
2026-09-28 18:33:12.543 [restartedMain] [] INFO  b.c.server.util.FileStorageService - Upload directory initialized at: D:\work\clapp\ClappN\uploads
2026-09-28 18:33:13.911 [restartedMain] [] INFO  b.c.s.f.p.a.p.StripePaymentProvider - Stripe provider ready (publishable configured=true)
2026-09-28 18:33:14.628 [restartedMain] [] WARN  o.s.b.a.o.j.JpaBaseConfiguration$JpaWebConfiguration - spring.jpa.open-in-view is enabled by default. Therefore, database queries may be performed during view rendering. Explicitly configure spring.jpa.open-in-view to disable this warning
2026-09-28 18:33:14.983 [restartedMain] [] INFO  o.s.b.a.e.web.EndpointLinksResolver - Exposing 4 endpoint(s) beneath base path '/actuator'
2026-09-28 18:33:15.075 [restartedMain] [] INFO  o.s.s.web.DefaultSecurityFilterChain - Will secure any request with [org.springframework.security.web.session.DisableEncodeUrlFilter@3ac468ea, org.springframework.security.web.context.request.async.WebAsyncManagerIntegrationFilter@91a1d73, org.springframework.security.web.context.SecurityContextHolderFilter@55b741a1, org.springframework.security.web.header.HeaderWriterFilter@268b90ad, org.springframework.web.filter.CorsFilter@b1d0efb, org.springframework.security.web.authentication.logout.LogoutFilter@c1d5ec8, biz.craftline.server.config.security.JwtAuthenticationFilter@767e6675, biz.craftline.server.config.security.UserScopeFilter@112ca3d3, org.springframework.security.web.savedrequest.RequestCacheAwareFilter@1b9c44ea, org.springframework.security.web.servletapi.SecurityContextHolderAwareRequestFilter@181b76a7, org.springframework.security.web.authentication.AnonymousAuthenticationFilter@2052d994, org.springframework.security.web.session.SessionManagementFilter@3763b8d5, org.springframework.security.web.access.ExceptionTranslationFilter@5fb3f720, org.springframework.security.web.access.intercept.AuthorizationFilter@c17ff4e]
2026-09-28 18:33:15.434 [restartedMain] [] INFO  o.s.b.d.a.OptionalLiveReloadServer - LiveReload server is running on port 35729
2026-09-28 18:33:15.527 [restartedMain] [] INFO  o.s.b.w.e.tomcat.TomcatWebServer - Tomcat started on port(s): 9090 (http) with context path ''
2026-09-28 18:33:15.540 [restartedMain] [] INFO  b.craftline.server.ServerApplication - Started ServerApplication in 8.418 seconds (process running for 954.037)
2026-09-28 18:33:15.553 [restartedMain] [] INFO  b.c.s.config.PaymentStartupValidator - Payment startup checks relaxed (non-prod); enabledProviders=[stripe, razorpay]
2026-09-28 18:33:15.554 [restartedMain] [] WARN  b.c.s.c.ProductionStartupValidator - Using default JWT secret — acceptable for local/dev only
2026-09-28 18:33:15.554 [restartedMain] [] INFO  b.c.server.config.DataSeedConfig - Starting database seed initialization (rbacAlign=true, demoData=true)...
2026-09-28 18:33:15.570 [restartedMain] [] WARN  b.c.server.config.DataSeedConfig - Skipping delete of legacy role 'Customer' because canonical 'CUSTOMER' already exists
2026-09-28 18:33:15.586 [restartedMain] [] WARN  b.c.server.config.DataSeedConfig - Skipping delete of legacy role 'Cashier' because canonical 'CASHIER' already exists
2026-09-28 18:33:15.649 [restartedMain] [] WARN  b.c.server.config.DataSeedConfig - Skipping delete of legacy role 'Guest' because canonical 'GUEST' already exists
2026-09-28 18:33:16.272 [restartedMain] [] INFO  b.c.server.config.DataSeedConfig - Permissions catalog ready (0 new, 201 total defined)
2026-09-28 18:33:16.406 [restartedMain] [] INFO  b.c.server.config.DataSeedConfig - Roles catalog ready (0 new, 35 total defined)
2026-09-28 18:33:16.431 [restartedMain] [] INFO  b.c.server.config.DataSeedConfig - Synced role 'SYSTEM_ADMIN' to 201 permission(s)
2026-09-28 18:33:16.439 [restartedMain] [] INFO  b.c.server.config.DataSeedConfig - Synced role 'BUSINESS_OWNER' to 73 permission(s)
2026-09-28 18:33:16.447 [restartedMain] [] INFO  b.c.server.config.DataSeedConfig - Synced role 'BUSINESS_ADMIN' to 50 permission(s)
2026-09-28 18:33:16.456 [restartedMain] [] INFO  b.c.server.config.DataSeedConfig - Synced role 'BUSINESS_MANAGER' to 28 permission(s)
2026-09-28 18:33:16.464 [restartedMain] [] INFO  b.c.server.config.DataSeedConfig - Synced role 'STORE_OWNER' to 93 permission(s)
2026-09-28 18:33:16.474 [restartedMain] [] INFO  b.c.server.config.DataSeedConfig - Synced role 'STORE_MANAGER' to 60 permission(s)
2026-09-28 18:33:16.480 [restartedMain] [] INFO  b.c.server.config.DataSeedConfig - Synced role 'ASSISTANT_MANAGER' to 32 permission(s)
2026-09-28 18:33:16.487 [restartedMain] [] INFO  b.c.server.config.DataSeedConfig - Synced role 'SHIFT_SUPERVISOR' to 13 permission(s)
2026-09-28 18:33:16.492 [restartedMain] [] INFO  b.c.server.config.DataSeedConfig - Synced role 'SALES_ASSOCIATE' to 11 permission(s)
2026-09-28 18:33:16.500 [restartedMain] [] INFO  b.c.server.config.DataSeedConfig - Synced role 'CASHIER' to 14 permission(s)
2026-09-28 18:33:16.508 [restartedMain] [] INFO  b.c.server.config.DataSeedConfig - Synced role 'INVENTORY_STAFF' to 11 permission(s)
2026-09-28 18:33:16.515 [restartedMain] [] INFO  b.c.server.config.DataSeedConfig - Synced role 'CUSTOMER_SERVICE_REP' to 17 permission(s)
2026-09-28 18:33:16.524 [restartedMain] [] INFO  b.c.server.config.DataSeedConfig - Synced role 'STOCK_KEEPER' to 0 permission(s)
2026-09-28 18:33:16.530 [restartedMain] [] INFO  b.c.server.config.DataSeedConfig - Synced role 'VISUAL_MERCHANDISER' to 0 permission(s)
2026-09-28 18:33:16.539 [restartedMain] [] INFO  b.c.server.config.DataSeedConfig - Synced role 'SECURITY_STAFF' to 0 permission(s)
2026-09-28 18:33:16.546 [restartedMain] [] INFO  b.c.server.config.DataSeedConfig - Synced role 'CLEANING_STAFF' to 0 permission(s)
2026-09-28 18:33:16.559 [restartedMain] [] INFO  b.c.server.config.DataSeedConfig - Synced role 'INVENTORY_MANAGER' to 20 permission(s)
2026-09-28 18:33:16.569 [restartedMain] [] INFO  b.c.server.config.DataSeedConfig - Synced role 'SALES_MANAGER' to 0 permission(s)
2026-09-28 18:33:16.576 [restartedMain] [] INFO  b.c.server.config.DataSeedConfig - Synced role 'CUSTOMER_SERVICE' to 0 permission(s)
2026-09-28 18:33:16.588 [restartedMain] [] INFO  b.c.server.config.DataSeedConfig - Synced role 'FINANCE_MANAGER' to 19 permission(s)
2026-09-28 18:33:16.594 [restartedMain] [] INFO  b.c.server.config.DataSeedConfig - Synced role 'MARKETING_MANAGER' to 0 permission(s)
2026-09-28 18:33:16.604 [restartedMain] [] INFO  b.c.server.config.DataSeedConfig - Synced role 'SECURITY_OFFICER' to 0 permission(s)
2026-09-28 18:33:16.611 [restartedMain] [] INFO  b.c.server.config.DataSeedConfig - Synced role 'MAINTENANCE_STAFF' to 0 permission(s)
2026-09-28 18:33:16.621 [restartedMain] [] INFO  b.c.server.config.DataSeedConfig - Synced role 'CUSTOMER' to 10 permission(s)
2026-09-28 18:33:16.629 [restartedMain] [] INFO  b.c.server.config.DataSeedConfig - Synced role 'GUEST' to 0 permission(s)
2026-09-28 18:33:16.638 [restartedMain] [] INFO  b.c.server.config.DataSeedConfig - Synced role 'VENDOR_ADMIN' to 0 permission(s)
2026-09-28 18:33:16.644 [restartedMain] [] INFO  b.c.server.config.DataSeedConfig - Synced role 'VENDOR_MANAGER' to 0 permission(s)
2026-09-28 18:33:16.654 [restartedMain] [] INFO  b.c.server.config.DataSeedConfig - Synced role 'APPROVAL_MANAGER' to 0 permission(s)
2026-09-28 18:33:16.660 [restartedMain] [] INFO  b.c.server.config.DataSeedConfig - Synced role 'CONTENT_MANAGER' to 0 permission(s)
2026-09-28 18:33:16.669 [restartedMain] [] INFO  b.c.server.config.DataSeedConfig - Synced role 'ANALYTICS_MANAGER' to 0 permission(s)
2026-09-28 18:33:16.675 [restartedMain] [] INFO  b.c.server.config.DataSeedConfig - Synced role 'SUPPORT_MANAGER' to 0 permission(s)
2026-09-28 18:33:16.681 [restartedMain] [] INFO  b.c.server.config.DataSeedConfig - Synced role 'WAREHOUSE_MANAGER' to 0 permission(s)
2026-09-28 18:33:16.691 [restartedMain] [] INFO  b.c.server.config.DataSeedConfig - Synced role 'LOGISTICS_MANAGER' to 0 permission(s)
2026-09-28 18:33:16.717 [restartedMain] [] INFO  b.c.server.config.DataSeedConfig - Synced role 'QUALITY_ASSURANCE' to 0 permission(s)
2026-09-28 18:33:16.725 [restartedMain] [] INFO  b.c.server.config.DataSeedConfig - Synced role 'RETURNS_MANAGER' to 0 permission(s)
2026-09-28 18:33:16.746 [restartedMain] [] INFO  b.c.server.config.DataSeedConfig - Business types already populated. Skipping business/category/store seed.
2026-09-28 18:33:16.754 [restartedMain] [] INFO  o.s.b.d.a.ConditionEvaluationDeltaLoggingListener - Condition evaluation unchanged
2026-09-28 18:47:29.994 [File Watcher] [] INFO  o.s.b.d.a.LocalDevToolsAutoConfiguration$RestartingClassPathChangeChangedEventListener - Restarting due to 482 class path changes (0 additions, 480 deletions, 2 modifications)
2026-09-28 18:47:30.019 [Thread-15] [] INFO  o.a.catalina.core.StandardService - Stopping service [Tomcat]
2026-09-28 18:47:30.021 [Thread-15] [] WARN  o.a.c.loader.WebappClassLoaderBase - The web application [ROOT] appears to have started a thread named [HikariPool-4 housekeeper] but has failed to stop it. This is very likely to create a memory leak. Stack trace of thread:
 java.base@17.0.0.1/jdk.internal.misc.Unsafe.park(Native Method)
 java.base@17.0.0.1/java.util.concurrent.locks.LockSupport.parkNanos(LockSupport.java:252)
 java.base@17.0.0.1/java.util.concurrent.locks.AbstractQueuedSynchronizer$ConditionObject.awaitNanos(AbstractQueuedSynchronizer.java:1672)
 java.base@17.0.0.1/java.util.concurrent.ScheduledThreadPoolExecutor$DelayedWorkQueue.take(ScheduledThreadPoolExecutor.java:1182)
 java.base@17.0.0.1/java.util.concurrent.ScheduledThreadPoolExecutor$DelayedWorkQueue.take(ScheduledThreadPoolExecutor.java:899)
 java.base@17.0.0.1/java.util.concurrent.ThreadPoolExecutor.getTask(ThreadPoolExecutor.java:1062)
 java.base@17.0.0.1/java.util.concurrent.ThreadPoolExecutor.runWorker(ThreadPoolExecutor.java:1122)
 java.base@17.0.0.1/java.util.concurrent.ThreadPoolExecutor$Worker.run(ThreadPoolExecutor.java:635)
 java.base@17.0.0.1/java.lang.Thread.run(Thread.java:833)
2026-09-28 18:47:30.033 [Thread-15] [] INFO  o.s.o.j.LocalContainerEntityManagerFactoryBean - Closing JPA EntityManagerFactory for persistence unit 'default'
2026-09-28 18:47:30.034 [Thread-15] [] INFO  com.zaxxer.hikari.HikariDataSource - HikariPool-4 - Shutdown initiated...
2026-09-28 18:47:30.046 [Thread-15] [] INFO  com.zaxxer.hikari.HikariDataSource - HikariPool-4 - Shutdown completed.
2026-09-28 18:47:30.284 [restartedMain] [] INFO  b.craftline.server.ServerApplication - Starting ServerApplication using Java 17.0.0.1 with PID 14808 (D:\work\clapp\ClappN\target\classes started by Shiva in D:\work\clapp\ClappN)
2026-09-28 18:47:30.284 [restartedMain] [] DEBUG b.craftline.server.ServerApplication - Running with Spring Boot v3.1.4, Spring v6.0.12
2026-09-28 18:47:30.284 [restartedMain] [] INFO  b.craftline.server.ServerApplication - The following 1 profile is active: "dev"
2026-09-28 18:47:30.817 [restartedMain] [] INFO  o.s.d.r.c.RepositoryConfigurationDelegate - Bootstrapping Spring Data JPA repositories in DEFAULT mode.
2026-09-28 18:47:30.831 [restartedMain] [] INFO  o.s.d.r.c.RepositoryConfigurationDelegate - Finished Spring Data repository scanning in 13 ms. Found 0 JPA repository interfaces.
2026-09-28 18:47:30.899 [restartedMain] [] ERROR o.s.boot.SpringApplication - Application run failed
java.lang.NullPointerException: Cannot read field "generatedClass" because "data" is null
	at org.springframework.cglib.proxy.Enhancer.nextInstance(Enhancer.java:783)
	at org.springframework.cglib.core.AbstractClassGenerator.create(AbstractClassGenerator.java:321)
	at org.springframework.cglib.proxy.Enhancer.createHelper(Enhancer.java:562)
	at org.springframework.cglib.proxy.Enhancer.createClass(Enhancer.java:407)
	at org.springframework.context.annotation.ConfigurationClassEnhancer.createClass(ConfigurationClassEnhancer.java:138)
	at org.springframework.context.annotation.ConfigurationClassEnhancer.enhance(ConfigurationClassEnhancer.java:109)
	at org.springframework.context.annotation.ConfigurationClassPostProcessor.enhanceConfigurationClasses(ConfigurationClassPostProcessor.java:531)
	at org.springframework.context.annotation.ConfigurationClassPostProcessor.postProcessBeanFactory(ConfigurationClassPostProcessor.java:308)
	at org.springframework.context.support.PostProcessorRegistrationDelegate.invokeBeanFactoryPostProcessors(PostProcessorRegistrationDelegate.java:358)
	at org.springframework.context.support.PostProcessorRegistrationDelegate.invokeBeanFactoryPostProcessors(PostProcessorRegistrationDelegate.java:150)
	at org.springframework.context.support.AbstractApplicationContext.invokeBeanFactoryPostProcessors(AbstractApplicationContext.java:771)
	at org.springframework.context.support.AbstractApplicationContext.refresh(AbstractApplicationContext.java:589)
	at org.springframework.boot.web.servlet.context.ServletWebServerApplicationContext.refresh(ServletWebServerApplicationContext.java:146)
	at org.springframework.boot.SpringApplication.refresh(SpringApplication.java:737)
	at org.springframework.boot.SpringApplication.refreshContext(SpringApplication.java:439)
	at org.springframework.boot.SpringApplication.run(SpringApplication.java:315)
	at org.springframework.boot.SpringApplication.run(SpringApplication.java:1309)
	at org.springframework.boot.SpringApplication.run(SpringApplication.java:1298)
	at biz.craftline.server.ServerApplication.main(ServerApplication.java:17)
	at java.base/jdk.internal.reflect.NativeMethodAccessorImpl.invoke0(Native Method)
	at java.base/jdk.internal.reflect.NativeMethodAccessorImpl.invoke(NativeMethodAccessorImpl.java:77)
	at java.base/jdk.internal.reflect.DelegatingMethodAccessorImpl.invoke(DelegatingMethodAccessorImpl.java:43)
	at java.base/java.lang.reflect.Method.invoke(Method.java:568)
	at org.springframework.boot.devtools.restart.RestartLauncher.run(RestartLauncher.java:50)
2026-09-28 18:47:43.456 [restartedMain] [] INFO  o.s.b.d.e.DevToolsPropertyDefaultsPostProcessor - Devtools property defaults active! Set 'spring.devtools.add-properties' to 'false' to disable
2026-09-28 18:47:43.464 [restartedMain] [] INFO  o.s.b.d.e.DevToolsPropertyDefaultsPostProcessor - For additional web related logging consider setting the 'logging.level.web' property to 'DEBUG'
2026-09-28 18:47:43.479 [restartedMain] [] INFO  b.craftline.server.ServerApplication - Starting ServerApplication using Java 17.0.0.1 with PID 14808 (D:\work\clapp\ClappN\target\classes started by Shiva in D:\work\clapp\ClappN)
2026-09-28 18:47:43.481 [restartedMain] [] DEBUG b.craftline.server.ServerApplication - Running with Spring Boot v3.1.4, Spring v6.0.12
2026-09-28 18:47:43.481 [restartedMain] [] INFO  b.craftline.server.ServerApplication - The following 1 profile is active: "dev"
2026-09-28 18:47:45.498 [restartedMain] [] INFO  o.s.d.r.c.RepositoryConfigurationDelegate - Bootstrapping Spring Data JPA repositories in DEFAULT mode.
2026-09-28 18:47:45.706 [restartedMain] [] INFO  o.s.d.r.c.RepositoryConfigurationDelegate - Finished Spring Data repository scanning in 208 ms. Found 44 JPA repository interfaces.
2026-09-28 18:47:46.053 [restartedMain] [] INFO  o.s.b.w.e.tomcat.TomcatWebServer - Tomcat initialized with port(s): 9090 (http)
2026-09-28 18:47:46.054 [restartedMain] [] INFO  o.a.catalina.core.StandardService - Starting service [Tomcat]
2026-09-28 18:47:46.054 [restartedMain] [] INFO  o.a.catalina.core.StandardEngine - Starting Servlet engine: [Apache Tomcat/10.1.13]
2026-09-28 18:47:46.088 [restartedMain] [] INFO  o.a.c.c.C.[Tomcat-1].[localhost].[/] - Initializing Spring embedded WebApplicationContext
2026-09-28 18:47:46.090 [restartedMain] [] INFO  o.s.b.w.s.c.ServletWebServerApplicationContext - Root WebApplicationContext: initialization completed in 2603 ms
2026-09-28 18:47:46.249 [restartedMain] [] ERROR o.s.b.w.e.tomcat.TomcatStarter - Error starting Tomcat context. Exception: org.springframework.beans.factory.UnsatisfiedDependencyException. Message: Error creating bean with name 'authRateLimitFilter': Unsatisfied dependency expressed through field 'enabled': Failed to convert value of type 'java.lang.String' to required type 'boolean'; Invalid boolean value []
2026-09-28 18:47:46.251 [restartedMain] [] INFO  o.a.catalina.core.StandardService - Stopping service [Tomcat]
2026-09-28 18:47:46.253 [restartedMain] [] WARN  o.s.b.w.s.c.AnnotationConfigServletWebServerApplicationContext - Exception encountered during context initialization - cancelling refresh attempt: org.springframework.context.ApplicationContextException: Unable to start web server
2026-09-28 18:47:46.263 [restartedMain] [] INFO  o.s.b.a.l.ConditionEvaluationReportLogger - 

Error starting ApplicationContext. To display the condition evaluation report re-run your application with 'debug' enabled.
2026-09-28 18:47:46.267 [restartedMain] [] ERROR o.s.boot.SpringApplication - Application run failed
org.springframework.context.ApplicationContextException: Unable to start web server
	at org.springframework.boot.web.servlet.context.ServletWebServerApplicationContext.onRefresh(ServletWebServerApplicationContext.java:164)
	at org.springframework.context.support.AbstractApplicationContext.refresh(AbstractApplicationContext.java:602)
	at org.springframework.boot.web.servlet.context.ServletWebServerApplicationContext.refresh(ServletWebServerApplicationContext.java:146)
	at org.springframework.boot.SpringApplication.refresh(SpringApplication.java:737)
	at org.springframework.boot.SpringApplication.refreshContext(SpringApplication.java:439)
	at org.springframework.boot.SpringApplication.run(SpringApplication.java:315)
	at org.springframework.boot.SpringApplication.run(SpringApplication.java:1309)
	at org.springframework.boot.SpringApplication.run(SpringApplication.java:1298)
	at biz.craftline.server.ServerApplication.main(ServerApplication.java:17)
	at java.base/jdk.internal.reflect.NativeMethodAccessorImpl.invoke0(Native Method)
	at java.base/jdk.internal.reflect.NativeMethodAccessorImpl.invoke(NativeMethodAccessorImpl.java:77)
	at java.base/jdk.internal.reflect.DelegatingMethodAccessorImpl.invoke(DelegatingMethodAccessorImpl.java:43)
	at java.base/java.lang.reflect.Method.invoke(Method.java:568)
	at org.springframework.boot.devtools.restart.RestartLauncher.run(RestartLauncher.java:50)
Caused by: org.springframework.boot.web.server.WebServerException: Unable to start embedded Tomcat
	at org.springframework.boot.web.embedded.tomcat.TomcatWebServer.initialize(TomcatWebServer.java:142)
	at org.springframework.boot.web.embedded.tomcat.TomcatWebServer.<init>(TomcatWebServer.java:104)
	at org.springframework.boot.web.embedded.tomcat.TomcatServletWebServerFactory.getTomcatWebServer(TomcatServletWebServerFactory.java:489)
	at org.springframework.boot.web.embedded.tomcat.TomcatServletWebServerFactory.getWebServer(TomcatServletWebServerFactory.java:211)
	at org.springframework.boot.web.servlet.context.ServletWebServerApplicationContext.createWebServer(ServletWebServerApplicationContext.java:183)
	at org.springframework.boot.web.servlet.context.ServletWebServerApplicationContext.onRefresh(ServletWebServerApplicationContext.java:161)
	... 13 common frames omitted
Caused by: org.springframework.beans.factory.UnsatisfiedDependencyException: Error creating bean with name 'authRateLimitFilter': Unsatisfied dependency expressed through field 'enabled': Failed to convert value of type 'java.lang.String' to required type 'boolean'; Invalid boolean value []
	at org.springframework.beans.factory.annotation.AutowiredAnnotationBeanPostProcessor$AutowiredFieldElement.resolveFieldValue(AutowiredAnnotationBeanPostProcessor.java:767)
	at org.springframework.beans.factory.annotation.AutowiredAnnotationBeanPostProcessor$AutowiredFieldElement.inject(AutowiredAnnotationBeanPostProcessor.java:747)
	at org.springframework.beans.factory.annotation.InjectionMetadata.inject(InjectionMetadata.java:145)
	at org.springframework.beans.factory.annotation.AutowiredAnnotationBeanPostProcessor.postProcessProperties(AutowiredAnnotationBeanPostProcessor.java:492)
	at org.springframework.beans.factory.support.AbstractAutowireCapableBeanFactory.populateBean(AbstractAutowireCapableBeanFactory.java:1416)
	at org.springframework.beans.factory.support.AbstractAutowireCapableBeanFactory.doCreateBean(AbstractAutowireCapableBeanFactory.java:597)
	at org.springframework.beans.factory.support.AbstractAutowireCapableBeanFactory.createBean(AbstractAutowireCapableBeanFactory.java:520)
	at org.springframework.beans.factory.support.AbstractBeanFactory.lambda$doGetBean$0(AbstractBeanFactory.java:325)
	at org.springframework.beans.factory.support.DefaultSingletonBeanRegistry.getSingleton(DefaultSingletonBeanRegistry.java:234)
	at org.springframework.beans.factory.support.AbstractBeanFactory.doGetBean(AbstractBeanFactory.java:323)
	at org.springframework.beans.factory.support.AbstractBeanFactory.getBean(AbstractBeanFactory.java:204)
	at org.springframework.boot.web.servlet.ServletContextInitializerBeans.getOrderedBeansOfType(ServletContextInitializerBeans.java:210)
	at org.springframework.boot.web.servlet.ServletContextInitializerBeans.addAsRegistrationBean(ServletContextInitializerBeans.java:173)
	at org.springframework.boot.web.servlet.ServletContextInitializerBeans.addAsRegistrationBean(ServletContextInitializerBeans.java:168)
	at org.springframework.boot.web.servlet.ServletContextInitializerBeans.addAdaptableBeans(ServletContextInitializerBeans.java:153)
	at org.springframework.boot.web.servlet.ServletContextInitializerBeans.<init>(ServletContextInitializerBeans.java:86)
	at org.springframework.boot.web.servlet.context.ServletWebServerApplicationContext.getServletContextInitializerBeans(ServletWebServerApplicationContext.java:261)
	at org.springframework.boot.web.servlet.context.ServletWebServerApplicationContext.selfInitialize(ServletWebServerApplicationContext.java:235)
	at org.springframework.boot.web.embedded.tomcat.TomcatStarter.onStartup(TomcatStarter.java:52)
	at org.apache.catalina.core.StandardContext.startInternal(StandardContext.java:4850)
	at org.apache.catalina.util.LifecycleBase.start(LifecycleBase.java:171)
	at org.apache.catalina.core.ContainerBase$StartChild.call(ContainerBase.java:1332)
	at org.apache.catalina.core.ContainerBase$StartChild.call(ContainerBase.java:1322)
	at java.base/java.util.concurrent.FutureTask.run(FutureTask.java:264)
	at org.apache.tomcat.util.threads.InlineExecutorService.execute(InlineExecutorService.java:75)
	at java.base/java.util.concurrent.AbstractExecutorService.submit(AbstractExecutorService.java:145)
	at org.apache.catalina.core.ContainerBase.startInternal(ContainerBase.java:866)
	at org.apache.catalina.core.StandardHost.startInternal(StandardHost.java:846)
	at org.apache.catalina.util.LifecycleBase.start(LifecycleBase.java:171)
	at org.apache.catalina.core.ContainerBase$StartChild.call(ContainerBase.java:1332)
	at org.apache.catalina.core.ContainerBase$StartChild.call(ContainerBase.java:1322)
	at java.base/java.util.concurrent.FutureTask.run(FutureTask.java:264)
	at org.apache.tomcat.util.threads.InlineExecutorService.execute(InlineExecutorService.java:75)
	at java.base/java.util.concurrent.AbstractExecutorService.submit(AbstractExecutorService.java:145)
	at org.apache.catalina.core.ContainerBase.startInternal(ContainerBase.java:866)
	at org.apache.catalina.core.StandardEngine.startInternal(StandardEngine.java:241)
	at org.apache.catalina.util.LifecycleBase.start(LifecycleBase.java:171)
	at org.apache.catalina.core.StandardService.startInternal(StandardService.java:433)
	at org.apache.catalina.util.LifecycleBase.start(LifecycleBase.java:171)
	at org.apache.catalina.core.StandardServer.startInternal(StandardServer.java:918)
	at org.apache.catalina.util.LifecycleBase.start(LifecycleBase.java:171)
	at org.apache.catalina.startup.Tomcat.start(Tomcat.java:485)
	at org.springframework.boot.web.embedded.tomcat.TomcatWebServer.initialize(TomcatWebServer.java:123)
	... 18 common frames omitted
Caused by: org.springframework.beans.TypeMismatchException: Failed to convert value of type 'java.lang.String' to required type 'boolean'; Invalid boolean value []
	at org.springframework.beans.TypeConverterSupport.convertIfNecessary(TypeConverterSupport.java:79)
	at org.springframework.beans.factory.support.DefaultListableBeanFactory.doResolveDependency(DefaultListableBeanFactory.java:1365)
	at org.springframework.beans.factory.support.DefaultListableBeanFactory.resolveDependency(DefaultListableBeanFactory.java:1337)
	at org.springframework.beans.factory.annotation.AutowiredAnnotationBeanPostProcessor$AutowiredFieldElement.resolveFieldValue(AutowiredAnnotationBeanPostProcessor.java:764)
	... 60 common frames omitted
Caused by: java.lang.IllegalArgumentException: Invalid boolean value []
	at org.springframework.beans.propertyeditors.CustomBooleanEditor.setAsText(CustomBooleanEditor.java:154)
	at org.springframework.beans.TypeConverterDelegate.doConvertTextValue(TypeConverterDelegate.java:426)
	at org.springframework.beans.TypeConverterDelegate.doConvertValue(TypeConverterDelegate.java:399)
	at org.springframework.beans.TypeConverterDelegate.convertIfNecessary(TypeConverterDelegate.java:155)
	at org.springframework.beans.TypeConverterSupport.convertIfNecessary(TypeConverterSupport.java:73)
	... 63 common frames omitted
2026-09-28 18:57:21.333 [restartedMain] [] INFO  b.craftline.server.ServerApplication - Starting ServerApplication using Java 17.0.0.1 with PID 14676 (D:\work\clapp\ClappN\target\classes started by Shiva in D:\work\clapp\ClappN)
2026-09-28 18:57:21.334 [restartedMain] [] DEBUG b.craftline.server.ServerApplication - Running with Spring Boot v3.1.4, Spring v6.0.12
2026-09-28 18:57:21.335 [restartedMain] [] INFO  b.craftline.server.ServerApplication - The following 1 profile is active: "dev"
2026-09-28 18:57:21.381 [restartedMain] [] INFO  o.s.b.d.e.DevToolsPropertyDefaultsPostProcessor - Devtools property defaults active! Set 'spring.devtools.add-properties' to 'false' to disable
2026-09-28 18:57:21.381 [restartedMain] [] INFO  o.s.b.d.e.DevToolsPropertyDefaultsPostProcessor - For additional web related logging consider setting the 'logging.level.web' property to 'DEBUG'
2026-09-28 18:57:22.498 [restartedMain] [] INFO  o.s.d.r.c.RepositoryConfigurationDelegate - Bootstrapping Spring Data JPA repositories in DEFAULT mode.
2026-09-28 18:57:22.684 [restartedMain] [] INFO  o.s.d.r.c.RepositoryConfigurationDelegate - Finished Spring Data repository scanning in 178 ms. Found 44 JPA repository interfaces.
2026-09-28 18:57:23.600 [restartedMain] [] INFO  o.s.b.w.e.tomcat.TomcatWebServer - Tomcat initialized with port(s): 9090 (http)
2026-09-28 18:57:23.608 [restartedMain] [] INFO  o.a.catalina.core.StandardService - Starting service [Tomcat]
2026-09-28 18:57:23.609 [restartedMain] [] INFO  o.a.catalina.core.StandardEngine - Starting Servlet engine: [Apache Tomcat/10.1.13]
2026-09-28 18:57:23.680 [restartedMain] [] INFO  o.a.c.c.C.[Tomcat].[localhost].[/] - Initializing Spring embedded WebApplicationContext
2026-09-28 18:57:23.681 [restartedMain] [] INFO  o.s.b.w.s.c.ServletWebServerApplicationContext - Root WebApplicationContext: initialization completed in 2299 ms
2026-09-28 18:57:23.852 [restartedMain] [] ERROR o.s.b.w.e.tomcat.TomcatStarter - Error starting Tomcat context. Exception: org.springframework.beans.factory.UnsatisfiedDependencyException. Message: Error creating bean with name 'authRateLimitFilter': Unsatisfied dependency expressed through field 'enabled': Failed to convert value of type 'java.lang.String' to required type 'boolean'; Invalid boolean value []
2026-09-28 18:57:23.875 [restartedMain] [] INFO  o.a.catalina.core.StandardService - Stopping service [Tomcat]
2026-09-28 18:57:23.884 [restartedMain] [] WARN  o.s.b.w.s.c.AnnotationConfigServletWebServerApplicationContext - Exception encountered during context initialization - cancelling refresh attempt: org.springframework.context.ApplicationContextException: Unable to start web server
2026-09-28 18:57:23.901 [restartedMain] [] INFO  o.s.b.a.l.ConditionEvaluationReportLogger - 

Error starting ApplicationContext. To display the condition evaluation report re-run your application with 'debug' enabled.
2026-09-28 18:57:23.919 [restartedMain] [] ERROR o.s.boot.SpringApplication - Application run failed
org.springframework.context.ApplicationContextException: Unable to start web server
	at org.springframework.boot.web.servlet.context.ServletWebServerApplicationContext.onRefresh(ServletWebServerApplicationContext.java:164)
	at org.springframework.context.support.AbstractApplicationContext.refresh(AbstractApplicationContext.java:602)
	at org.springframework.boot.web.servlet.context.ServletWebServerApplicationContext.refresh(ServletWebServerApplicationContext.java:146)
	at org.springframework.boot.SpringApplication.refresh(SpringApplication.java:737)
	at org.springframework.boot.SpringApplication.refreshContext(SpringApplication.java:439)
	at org.springframework.boot.SpringApplication.run(SpringApplication.java:315)
	at org.springframework.boot.SpringApplication.run(SpringApplication.java:1309)
	at org.springframework.boot.SpringApplication.run(SpringApplication.java:1298)
	at biz.craftline.server.ServerApplication.main(ServerApplication.java:17)
	at java.base/jdk.internal.reflect.NativeMethodAccessorImpl.invoke0(Native Method)
	at java.base/jdk.internal.reflect.NativeMethodAccessorImpl.invoke(NativeMethodAccessorImpl.java:77)
	at java.base/jdk.internal.reflect.DelegatingMethodAccessorImpl.invoke(DelegatingMethodAccessorImpl.java:43)
	at java.base/java.lang.reflect.Method.invoke(Method.java:568)
	at org.springframework.boot.devtools.restart.RestartLauncher.run(RestartLauncher.java:50)
Caused by: org.springframework.boot.web.server.WebServerException: Unable to start embedded Tomcat
	at org.springframework.boot.web.embedded.tomcat.TomcatWebServer.initialize(TomcatWebServer.java:142)
	at org.springframework.boot.web.embedded.tomcat.TomcatWebServer.<init>(TomcatWebServer.java:104)
	at org.springframework.boot.web.embedded.tomcat.TomcatServletWebServerFactory.getTomcatWebServer(TomcatServletWebServerFactory.java:489)
	at org.springframework.boot.web.embedded.tomcat.TomcatServletWebServerFactory.getWebServer(TomcatServletWebServerFactory.java:211)
	at org.springframework.boot.web.servlet.context.ServletWebServerApplicationContext.createWebServer(ServletWebServerApplicationContext.java:183)
	at org.springframework.boot.web.servlet.context.ServletWebServerApplicationContext.onRefresh(ServletWebServerApplicationContext.java:161)
	... 13 common frames omitted
Caused by: org.springframework.beans.factory.UnsatisfiedDependencyException: Error creating bean with name 'authRateLimitFilter': Unsatisfied dependency expressed through field 'enabled': Failed to convert value of type 'java.lang.String' to required type 'boolean'; Invalid boolean value []
	at org.springframework.beans.factory.annotation.AutowiredAnnotationBeanPostProcessor$AutowiredFieldElement.resolveFieldValue(AutowiredAnnotationBeanPostProcessor.java:767)
	at org.springframework.beans.factory.annotation.AutowiredAnnotationBeanPostProcessor$AutowiredFieldElement.inject(AutowiredAnnotationBeanPostProcessor.java:747)
	at org.springframework.beans.factory.annotation.InjectionMetadata.inject(InjectionMetadata.java:145)
	at org.springframework.beans.factory.annotation.AutowiredAnnotationBeanPostProcessor.postProcessProperties(AutowiredAnnotationBeanPostProcessor.java:492)
	at org.springframework.beans.factory.support.AbstractAutowireCapableBeanFactory.populateBean(AbstractAutowireCapableBeanFactory.java:1416)
	at org.springframework.beans.factory.support.AbstractAutowireCapableBeanFactory.doCreateBean(AbstractAutowireCapableBeanFactory.java:597)
	at org.springframework.beans.factory.support.AbstractAutowireCapableBeanFactory.createBean(AbstractAutowireCapableBeanFactory.java:520)
	at org.springframework.beans.factory.support.AbstractBeanFactory.lambda$doGetBean$0(AbstractBeanFactory.java:325)
	at org.springframework.beans.factory.support.DefaultSingletonBeanRegistry.getSingleton(DefaultSingletonBeanRegistry.java:234)
	at org.springframework.beans.factory.support.AbstractBeanFactory.doGetBean(AbstractBeanFactory.java:323)
	at org.springframework.beans.factory.support.AbstractBeanFactory.getBean(AbstractBeanFactory.java:204)
	at org.springframework.boot.web.servlet.ServletContextInitializerBeans.getOrderedBeansOfType(ServletContextInitializerBeans.java:210)
	at org.springframework.boot.web.servlet.ServletContextInitializerBeans.addAsRegistrationBean(ServletContextInitializerBeans.java:173)
	at org.springframework.boot.web.servlet.ServletContextInitializerBeans.addAsRegistrationBean(ServletContextInitializerBeans.java:168)
	at org.springframework.boot.web.servlet.ServletContextInitializerBeans.addAdaptableBeans(ServletContextInitializerBeans.java:153)
	at org.springframework.boot.web.servlet.ServletContextInitializerBeans.<init>(ServletContextInitializerBeans.java:86)
	at org.springframework.boot.web.servlet.context.ServletWebServerApplicationContext.getServletContextInitializerBeans(ServletWebServerApplicationContext.java:261)
	at org.springframework.boot.web.servlet.context.ServletWebServerApplicationContext.selfInitialize(ServletWebServerApplicationContext.java:235)
	at org.springframework.boot.web.embedded.tomcat.TomcatStarter.onStartup(TomcatStarter.java:52)
	at org.apache.catalina.core.StandardContext.startInternal(StandardContext.java:4850)
	at org.apache.catalina.util.LifecycleBase.start(LifecycleBase.java:171)
	at org.apache.catalina.core.ContainerBase$StartChild.call(ContainerBase.java:1332)
	at org.apache.catalina.core.ContainerBase$StartChild.call(ContainerBase.java:1322)
	at java.base/java.util.concurrent.FutureTask.run(FutureTask.java:264)
	at org.apache.tomcat.util.threads.InlineExecutorService.execute(InlineExecutorService.java:75)
	at java.base/java.util.concurrent.AbstractExecutorService.submit(AbstractExecutorService.java:145)
	at org.apache.catalina.core.ContainerBase.startInternal(ContainerBase.java:866)
	at org.apache.catalina.core.StandardHost.startInternal(StandardHost.java:846)
	at org.apache.catalina.util.LifecycleBase.start(LifecycleBase.java:171)
	at org.apache.catalina.core.ContainerBase$StartChild.call(ContainerBase.java:1332)
	at org.apache.catalina.core.ContainerBase$StartChild.call(ContainerBase.java:1322)
	at java.base/java.util.concurrent.FutureTask.run(FutureTask.java:264)
	at org.apache.tomcat.util.threads.InlineExecutorService.execute(InlineExecutorService.java:75)
	at java.base/java.util.concurrent.AbstractExecutorService.submit(AbstractExecutorService.java:145)
	at org.apache.catalina.core.ContainerBase.startInternal(ContainerBase.java:866)
	at org.apache.catalina.core.StandardEngine.startInternal(StandardEngine.java:241)
	at org.apache.catalina.util.LifecycleBase.start(LifecycleBase.java:171)
	at org.apache.catalina.core.StandardService.startInternal(StandardService.java:433)
	at org.apache.catalina.util.LifecycleBase.start(LifecycleBase.java:171)
	at org.apache.catalina.core.StandardServer.startInternal(StandardServer.java:918)
	at org.apache.catalina.util.LifecycleBase.start(LifecycleBase.java:171)
	at org.apache.catalina.startup.Tomcat.start(Tomcat.java:485)
	at org.springframework.boot.web.embedded.tomcat.TomcatWebServer.initialize(TomcatWebServer.java:123)
	... 18 common frames omitted
Caused by: org.springframework.beans.TypeMismatchException: Failed to convert value of type 'java.lang.String' to required type 'boolean'; Invalid boolean value []
	at org.springframework.beans.TypeConverterSupport.convertIfNecessary(TypeConverterSupport.java:79)
	at org.springframework.beans.factory.support.DefaultListableBeanFactory.doResolveDependency(DefaultListableBeanFactory.java:1365)
	at org.springframework.beans.factory.support.DefaultListableBeanFactory.resolveDependency(DefaultListableBeanFactory.java:1337)
	at org.springframework.beans.factory.annotation.AutowiredAnnotationBeanPostProcessor$AutowiredFieldElement.resolveFieldValue(AutowiredAnnotationBeanPostProcessor.java:764)
	... 60 common frames omitted
Caused by: java.lang.IllegalArgumentException: Invalid boolean value []
	at org.springframework.beans.propertyeditors.CustomBooleanEditor.setAsText(CustomBooleanEditor.java:154)
	at org.springframework.beans.TypeConverterDelegate.doConvertTextValue(TypeConverterDelegate.java:426)
	at org.springframework.beans.TypeConverterDelegate.doConvertValue(TypeConverterDelegate.java:399)
	at org.springframework.beans.TypeConverterDelegate.convertIfNecessary(TypeConverterDelegate.java:155)
	at org.springframework.beans.TypeConverterSupport.convertIfNecessary(TypeConverterSupport.java:73)
	... 63 common frames omitted
2026-09-28 19:04:59.178 [restartedMain] [] INFO  b.craftline.server.ServerApplication - Starting ServerApplication using Java 17.0.0.1 with PID 18228 (D:\work\clapp\ClappN\target\classes started by Shiva in D:\work\clapp\ClappN)
2026-09-28 19:04:59.180 [restartedMain] [] DEBUG b.craftline.server.ServerApplication - Running with Spring Boot v3.1.4, Spring v6.0.12
2026-09-28 19:04:59.180 [restartedMain] [] INFO  b.craftline.server.ServerApplication - The following 1 profile is active: "dev"
2026-09-28 19:04:59.224 [restartedMain] [] INFO  o.s.b.d.e.DevToolsPropertyDefaultsPostProcessor - Devtools property defaults active! Set 'spring.devtools.add-properties' to 'false' to disable
2026-09-28 19:04:59.224 [restartedMain] [] INFO  o.s.b.d.e.DevToolsPropertyDefaultsPostProcessor - For additional web related logging consider setting the 'logging.level.web' property to 'DEBUG'
2026-09-28 19:05:00.474 [restartedMain] [] INFO  o.s.d.r.c.RepositoryConfigurationDelegate - Bootstrapping Spring Data JPA repositories in DEFAULT mode.
2026-09-28 19:05:00.659 [restartedMain] [] INFO  o.s.d.r.c.RepositoryConfigurationDelegate - Finished Spring Data repository scanning in 178 ms. Found 44 JPA repository interfaces.
2026-09-28 19:05:01.590 [restartedMain] [] INFO  o.s.b.w.e.tomcat.TomcatWebServer - Tomcat initialized with port(s): 9090 (http)
2026-09-28 19:05:01.599 [restartedMain] [] INFO  o.a.catalina.core.StandardService - Starting service [Tomcat]
2026-09-28 19:05:01.600 [restartedMain] [] INFO  o.a.catalina.core.StandardEngine - Starting Servlet engine: [Apache Tomcat/10.1.13]
2026-09-28 19:05:01.681 [restartedMain] [] INFO  o.a.c.c.C.[Tomcat].[localhost].[/] - Initializing Spring embedded WebApplicationContext
2026-09-28 19:05:01.682 [restartedMain] [] INFO  o.s.b.w.s.c.ServletWebServerApplicationContext - Root WebApplicationContext: initialization completed in 2456 ms
2026-09-28 19:05:01.865 [restartedMain] [] ERROR o.s.b.w.e.tomcat.TomcatStarter - Error starting Tomcat context. Exception: org.springframework.beans.factory.UnsatisfiedDependencyException. Message: Error creating bean with name 'authRateLimitFilter': Unsatisfied dependency expressed through field 'maxRequests': Failed to convert value of type 'java.lang.String' to required type 'int'; For input string: ""
2026-09-28 19:05:01.888 [restartedMain] [] INFO  o.a.catalina.core.StandardService - Stopping service [Tomcat]
2026-09-28 19:05:01.897 [restartedMain] [] WARN  o.s.b.w.s.c.AnnotationConfigServletWebServerApplicationContext - Exception encountered during context initialization - cancelling refresh attempt: org.springframework.context.ApplicationContextException: Unable to start web server
2026-09-28 19:05:01.915 [restartedMain] [] INFO  o.s.b.a.l.ConditionEvaluationReportLogger - 

Error starting ApplicationContext. To display the condition evaluation report re-run your application with 'debug' enabled.
2026-09-28 19:05:01.932 [restartedMain] [] ERROR o.s.boot.SpringApplication - Application run failed
org.springframework.context.ApplicationContextException: Unable to start web server
	at org.springframework.boot.web.servlet.context.ServletWebServerApplicationContext.onRefresh(ServletWebServerApplicationContext.java:164)
	at org.springframework.context.support.AbstractApplicationContext.refresh(AbstractApplicationContext.java:602)
	at org.springframework.boot.web.servlet.context.ServletWebServerApplicationContext.refresh(ServletWebServerApplicationContext.java:146)
	at org.springframework.boot.SpringApplication.refresh(SpringApplication.java:737)
	at org.springframework.boot.SpringApplication.refreshContext(SpringApplication.java:439)
	at org.springframework.boot.SpringApplication.run(SpringApplication.java:315)
	at org.springframework.boot.SpringApplication.run(SpringApplication.java:1309)
	at org.springframework.boot.SpringApplication.run(SpringApplication.java:1298)
	at biz.craftline.server.ServerApplication.main(ServerApplication.java:17)
	at java.base/jdk.internal.reflect.NativeMethodAccessorImpl.invoke0(Native Method)
	at java.base/jdk.internal.reflect.NativeMethodAccessorImpl.invoke(NativeMethodAccessorImpl.java:77)
	at java.base/jdk.internal.reflect.DelegatingMethodAccessorImpl.invoke(DelegatingMethodAccessorImpl.java:43)
	at java.base/java.lang.reflect.Method.invoke(Method.java:568)
	at org.springframework.boot.devtools.restart.RestartLauncher.run(RestartLauncher.java:50)
Caused by: org.springframework.boot.web.server.WebServerException: Unable to start embedded Tomcat
	at org.springframework.boot.web.embedded.tomcat.TomcatWebServer.initialize(TomcatWebServer.java:142)
	at org.springframework.boot.web.embedded.tomcat.TomcatWebServer.<init>(TomcatWebServer.java:104)
	at org.springframework.boot.web.embedded.tomcat.TomcatServletWebServerFactory.getTomcatWebServer(TomcatServletWebServerFactory.java:489)
	at org.springframework.boot.web.embedded.tomcat.TomcatServletWebServerFactory.getWebServer(TomcatServletWebServerFactory.java:211)
	at org.springframework.boot.web.servlet.context.ServletWebServerApplicationContext.createWebServer(ServletWebServerApplicationContext.java:183)
	at org.springframework.boot.web.servlet.context.ServletWebServerApplicationContext.onRefresh(ServletWebServerApplicationContext.java:161)
	... 13 common frames omitted
Caused by: org.springframework.beans.factory.UnsatisfiedDependencyException: Error creating bean with name 'authRateLimitFilter': Unsatisfied dependency expressed through field 'maxRequests': Failed to convert value of type 'java.lang.String' to required type 'int'; For input string: ""
	at org.springframework.beans.factory.annotation.AutowiredAnnotationBeanPostProcessor$AutowiredFieldElement.resolveFieldValue(AutowiredAnnotationBeanPostProcessor.java:767)
	at org.springframework.beans.factory.annotation.AutowiredAnnotationBeanPostProcessor$AutowiredFieldElement.inject(AutowiredAnnotationBeanPostProcessor.java:747)
	at org.springframework.beans.factory.annotation.InjectionMetadata.inject(InjectionMetadata.java:145)
	at org.springframework.beans.factory.annotation.AutowiredAnnotationBeanPostProcessor.postProcessProperties(AutowiredAnnotationBeanPostProcessor.java:492)
	at org.springframework.beans.factory.support.AbstractAutowireCapableBeanFactory.populateBean(AbstractAutowireCapableBeanFactory.java:1416)
	at org.springframework.beans.factory.support.AbstractAutowireCapableBeanFactory.doCreateBean(AbstractAutowireCapableBeanFactory.java:597)
	at org.springframework.beans.factory.support.AbstractAutowireCapableBeanFactory.createBean(AbstractAutowireCapableBeanFactory.java:520)
	at org.springframework.beans.factory.support.AbstractBeanFactory.lambda$doGetBean$0(AbstractBeanFactory.java:325)
	at org.springframework.beans.factory.support.DefaultSingletonBeanRegistry.getSingleton(DefaultSingletonBeanRegistry.java:234)
	at org.springframework.beans.factory.support.AbstractBeanFactory.doGetBean(AbstractBeanFactory.java:323)
	at org.springframework.beans.factory.support.AbstractBeanFactory.getBean(AbstractBeanFactory.java:204)
	at org.springframework.boot.web.servlet.ServletContextInitializerBeans.getOrderedBeansOfType(ServletContextInitializerBeans.java:210)
	at org.springframework.boot.web.servlet.ServletContextInitializerBeans.addAsRegistrationBean(ServletContextInitializerBeans.java:173)
	at org.springframework.boot.web.servlet.ServletContextInitializerBeans.addAsRegistrationBean(ServletContextInitializerBeans.java:168)
	at org.springframework.boot.web.servlet.ServletContextInitializerBeans.addAdaptableBeans(ServletContextInitializerBeans.java:153)
	at org.springframework.boot.web.servlet.ServletContextInitializerBeans.<init>(ServletContextInitializerBeans.java:86)
	at org.springframework.boot.web.servlet.context.ServletWebServerApplicationContext.getServletContextInitializerBeans(ServletWebServerApplicationContext.java:261)
	at org.springframework.boot.web.servlet.context.ServletWebServerApplicationContext.selfInitialize(ServletWebServerApplicationContext.java:235)
	at org.springframework.boot.web.embedded.tomcat.TomcatStarter.onStartup(TomcatStarter.java:52)
	at org.apache.catalina.core.StandardContext.startInternal(StandardContext.java:4850)
	at org.apache.catalina.util.LifecycleBase.start(LifecycleBase.java:171)
	at org.apache.catalina.core.ContainerBase$StartChild.call(ContainerBase.java:1332)
	at org.apache.catalina.core.ContainerBase$StartChild.call(ContainerBase.java:1322)
	at java.base/java.util.concurrent.FutureTask.run(FutureTask.java:264)
	at org.apache.tomcat.util.threads.InlineExecutorService.execute(InlineExecutorService.java:75)
	at java.base/java.util.concurrent.AbstractExecutorService.submit(AbstractExecutorService.java:145)
	at org.apache.catalina.core.ContainerBase.startInternal(ContainerBase.java:866)
	at org.apache.catalina.core.StandardHost.startInternal(StandardHost.java:846)
	at org.apache.catalina.util.LifecycleBase.start(LifecycleBase.java:171)
	at org.apache.catalina.core.ContainerBase$StartChild.call(ContainerBase.java:1332)
	at org.apache.catalina.core.ContainerBase$StartChild.call(ContainerBase.java:1322)
	at java.base/java.util.concurrent.FutureTask.run(FutureTask.java:264)
	at org.apache.tomcat.util.threads.InlineExecutorService.execute(InlineExecutorService.java:75)
	at java.base/java.util.concurrent.AbstractExecutorService.submit(AbstractExecutorService.java:145)
	at org.apache.catalina.core.ContainerBase.startInternal(ContainerBase.java:866)
	at org.apache.catalina.core.StandardEngine.startInternal(StandardEngine.java:241)
	at org.apache.catalina.util.LifecycleBase.start(LifecycleBase.java:171)
	at org.apache.catalina.core.StandardService.startInternal(StandardService.java:433)
	at org.apache.catalina.util.LifecycleBase.start(LifecycleBase.java:171)
	at org.apache.catalina.core.StandardServer.startInternal(StandardServer.java:918)
	at org.apache.catalina.util.LifecycleBase.start(LifecycleBase.java:171)
	at org.apache.catalina.startup.Tomcat.start(Tomcat.java:485)
	at org.springframework.boot.web.embedded.tomcat.TomcatWebServer.initialize(TomcatWebServer.java:123)
	... 18 common frames omitted
Caused by: org.springframework.beans.TypeMismatchException: Failed to convert value of type 'java.lang.String' to required type 'int'; For input string: ""
	at org.springframework.beans.TypeConverterSupport.convertIfNecessary(TypeConverterSupport.java:79)
	at org.springframework.beans.factory.support.DefaultListableBeanFactory.doResolveDependency(DefaultListableBeanFactory.java:1365)
	at org.springframework.beans.factory.support.DefaultListableBeanFactory.resolveDependency(DefaultListableBeanFactory.java:1337)
	at org.springframework.beans.factory.annotation.AutowiredAnnotationBeanPostProcessor$AutowiredFieldElement.resolveFieldValue(AutowiredAnnotationBeanPostProcessor.java:764)
	... 60 common frames omitted
Caused by: java.lang.NumberFormatException: For input string: ""
	at java.base/java.lang.NumberFormatException.forInputString(NumberFormatException.java:67)
	at java.base/java.lang.Integer.parseInt(Integer.java:678)
	at java.base/java.lang.Integer.valueOf(Integer.java:999)
	at org.springframework.util.NumberUtils.parseNumber(NumberUtils.java:203)
	at org.springframework.beans.propertyeditors.CustomNumberEditor.setAsText(CustomNumberEditor.java:115)
	at org.springframework.beans.TypeConverterDelegate.doConvertTextValue(TypeConverterDelegate.java:426)
	at org.springframework.beans.TypeConverterDelegate.doConvertValue(TypeConverterDelegate.java:399)
	at org.springframework.beans.TypeConverterDelegate.convertIfNecessary(TypeConverterDelegate.java:155)
	at org.springframework.beans.TypeConverterSupport.convertIfNecessary(TypeConverterSupport.java:73)
	... 63 common frames omitted
2026-09-28 19:24:19.615 [restartedMain] [] INFO  b.craftline.server.ServerApplication - Starting ServerApplication using Java 17.0.0.1 with PID 5488 (D:\work\clapp\ClappN\target\classes started by Shiva in D:\work\clapp\ClappN)
2026-09-28 19:24:19.616 [restartedMain] [] DEBUG b.craftline.server.ServerApplication - Running with Spring Boot v3.1.4, Spring v6.0.12
2026-09-28 19:24:19.617 [restartedMain] [] INFO  b.craftline.server.ServerApplication - The following 1 profile is active: "dev"
2026-09-28 19:24:19.659 [restartedMain] [] INFO  o.s.b.d.e.DevToolsPropertyDefaultsPostProcessor - Devtools property defaults active! Set 'spring.devtools.add-properties' to 'false' to disable
2026-09-28 19:24:19.659 [restartedMain] [] INFO  o.s.b.d.e.DevToolsPropertyDefaultsPostProcessor - For additional web related logging consider setting the 'logging.level.web' property to 'DEBUG'
2026-09-28 19:24:20.811 [restartedMain] [] INFO  o.s.d.r.c.RepositoryConfigurationDelegate - Bootstrapping Spring Data JPA repositories in DEFAULT mode.
2026-09-28 19:24:20.988 [restartedMain] [] INFO  o.s.d.r.c.RepositoryConfigurationDelegate - Finished Spring Data repository scanning in 172 ms. Found 44 JPA repository interfaces.
2026-09-28 19:24:21.891 [restartedMain] [] INFO  o.s.b.w.e.tomcat.TomcatWebServer - Tomcat initialized with port(s): 9090 (http)
2026-09-28 19:24:21.899 [restartedMain] [] INFO  o.a.catalina.core.StandardService - Starting service [Tomcat]
2026-09-28 19:24:21.899 [restartedMain] [] INFO  o.a.catalina.core.StandardEngine - Starting Servlet engine: [Apache Tomcat/10.1.13]
2026-09-28 19:24:21.971 [restartedMain] [] INFO  o.a.c.c.C.[Tomcat].[localhost].[/] - Initializing Spring embedded WebApplicationContext
2026-09-28 19:24:21.973 [restartedMain] [] INFO  o.s.b.w.s.c.ServletWebServerApplicationContext - Root WebApplicationContext: initialization completed in 2313 ms
2026-09-28 19:24:22.140 [restartedMain] [] ERROR o.s.b.w.e.tomcat.TomcatStarter - Error starting Tomcat context. Exception: org.springframework.beans.factory.UnsatisfiedDependencyException. Message: Error creating bean with name 'authRateLimitFilter': Unsatisfied dependency expressed through field 'maxRequests': Failed to convert value of type 'java.lang.String' to required type 'int'; For input string: ""
2026-09-28 19:24:22.160 [restartedMain] [] INFO  o.a.catalina.core.StandardService - Stopping service [Tomcat]
2026-09-28 19:24:22.170 [restartedMain] [] WARN  o.s.b.w.s.c.AnnotationConfigServletWebServerApplicationContext - Exception encountered during context initialization - cancelling refresh attempt: org.springframework.context.ApplicationContextException: Unable to start web server
2026-09-28 19:24:22.187 [restartedMain] [] INFO  o.s.b.a.l.ConditionEvaluationReportLogger - 

Error starting ApplicationContext. To display the condition evaluation report re-run your application with 'debug' enabled.
2026-09-28 19:24:22.203 [restartedMain] [] ERROR o.s.boot.SpringApplication - Application run failed
org.springframework.context.ApplicationContextException: Unable to start web server
	at org.springframework.boot.web.servlet.context.ServletWebServerApplicationContext.onRefresh(ServletWebServerApplicationContext.java:164)
	at org.springframework.context.support.AbstractApplicationContext.refresh(AbstractApplicationContext.java:602)
	at org.springframework.boot.web.servlet.context.ServletWebServerApplicationContext.refresh(ServletWebServerApplicationContext.java:146)
	at org.springframework.boot.SpringApplication.refresh(SpringApplication.java:737)
	at org.springframework.boot.SpringApplication.refreshContext(SpringApplication.java:439)
	at org.springframework.boot.SpringApplication.run(SpringApplication.java:315)
	at org.springframework.boot.SpringApplication.run(SpringApplication.java:1309)
	at org.springframework.boot.SpringApplication.run(SpringApplication.java:1298)
	at biz.craftline.server.ServerApplication.main(ServerApplication.java:17)
	at java.base/jdk.internal.reflect.NativeMethodAccessorImpl.invoke0(Native Method)
	at java.base/jdk.internal.reflect.NativeMethodAccessorImpl.invoke(NativeMethodAccessorImpl.java:77)
	at java.base/jdk.internal.reflect.DelegatingMethodAccessorImpl.invoke(DelegatingMethodAccessorImpl.java:43)
	at java.base/java.lang.reflect.Method.invoke(Method.java:568)
	at org.springframework.boot.devtools.restart.RestartLauncher.run(RestartLauncher.java:50)
Caused by: org.springframework.boot.web.server.WebServerException: Unable to start embedded Tomcat
	at org.springframework.boot.web.embedded.tomcat.TomcatWebServer.initialize(TomcatWebServer.java:142)
	at org.springframework.boot.web.embedded.tomcat.TomcatWebServer.<init>(TomcatWebServer.java:104)
	at org.springframework.boot.web.embedded.tomcat.TomcatServletWebServerFactory.getTomcatWebServer(TomcatServletWebServerFactory.java:489)
	at org.springframework.boot.web.embedded.tomcat.TomcatServletWebServerFactory.getWebServer(TomcatServletWebServerFactory.java:211)
	at org.springframework.boot.web.servlet.context.ServletWebServerApplicationContext.createWebServer(ServletWebServerApplicationContext.java:183)
	at org.springframework.boot.web.servlet.context.ServletWebServerApplicationContext.onRefresh(ServletWebServerApplicationContext.java:161)
	... 13 common frames omitted
Caused by: org.springframework.beans.factory.UnsatisfiedDependencyException: Error creating bean with name 'authRateLimitFilter': Unsatisfied dependency expressed through field 'maxRequests': Failed to convert value of type 'java.lang.String' to required type 'int'; For input string: ""
	at org.springframework.beans.factory.annotation.AutowiredAnnotationBeanPostProcessor$AutowiredFieldElement.resolveFieldValue(AutowiredAnnotationBeanPostProcessor.java:767)
	at org.springframework.beans.factory.annotation.AutowiredAnnotationBeanPostProcessor$AutowiredFieldElement.inject(AutowiredAnnotationBeanPostProcessor.java:747)
	at org.springframework.beans.factory.annotation.InjectionMetadata.inject(InjectionMetadata.java:145)
	at org.springframework.beans.factory.annotation.AutowiredAnnotationBeanPostProcessor.postProcessProperties(AutowiredAnnotationBeanPostProcessor.java:492)
	at org.springframework.beans.factory.support.AbstractAutowireCapableBeanFactory.populateBean(AbstractAutowireCapableBeanFactory.java:1416)
	at org.springframework.beans.factory.support.AbstractAutowireCapableBeanFactory.doCreateBean(AbstractAutowireCapableBeanFactory.java:597)
	at org.springframework.beans.factory.support.AbstractAutowireCapableBeanFactory.createBean(AbstractAutowireCapableBeanFactory.java:520)
	at org.springframework.beans.factory.support.AbstractBeanFactory.lambda$doGetBean$0(AbstractBeanFactory.java:325)
	at org.springframework.beans.factory.support.DefaultSingletonBeanRegistry.getSingleton(DefaultSingletonBeanRegistry.java:234)
	at org.springframework.beans.factory.support.AbstractBeanFactory.doGetBean(AbstractBeanFactory.java:323)
	at org.springframework.beans.factory.support.AbstractBeanFactory.getBean(AbstractBeanFactory.java:204)
	at org.springframework.boot.web.servlet.ServletContextInitializerBeans.getOrderedBeansOfType(ServletContextInitializerBeans.java:210)
	at org.springframework.boot.web.servlet.ServletContextInitializerBeans.addAsRegistrationBean(ServletContextInitializerBeans.java:173)
	at org.springframework.boot.web.servlet.ServletContextInitializerBeans.addAsRegistrationBean(ServletContextInitializerBeans.java:168)
	at org.springframework.boot.web.servlet.ServletContextInitializerBeans.addAdaptableBeans(ServletContextInitializerBeans.java:153)
	at org.springframework.boot.web.servlet.ServletContextInitializerBeans.<init>(ServletContextInitializerBeans.java:86)
	at org.springframework.boot.web.servlet.context.ServletWebServerApplicationContext.getServletContextInitializerBeans(ServletWebServerApplicationContext.java:261)
	at org.springframework.boot.web.servlet.context.ServletWebServerApplicationContext.selfInitialize(ServletWebServerApplicationContext.java:235)
	at org.springframework.boot.web.embedded.tomcat.TomcatStarter.onStartup(TomcatStarter.java:52)
	at org.apache.catalina.core.StandardContext.startInternal(StandardContext.java:4850)
	at org.apache.catalina.util.LifecycleBase.start(LifecycleBase.java:171)
	at org.apache.catalina.core.ContainerBase$StartChild.call(ContainerBase.java:1332)
	at org.apache.catalina.core.ContainerBase$StartChild.call(ContainerBase.java:1322)
	at java.base/java.util.concurrent.FutureTask.run(FutureTask.java:264)
	at org.apache.tomcat.util.threads.InlineExecutorService.execute(InlineExecutorService.java:75)
	at java.base/java.util.concurrent.AbstractExecutorService.submit(AbstractExecutorService.java:145)
	at org.apache.catalina.core.ContainerBase.startInternal(ContainerBase.java:866)
	at org.apache.catalina.core.StandardHost.startInternal(StandardHost.java:846)
	at org.apache.catalina.util.LifecycleBase.start(LifecycleBase.java:171)
	at org.apache.catalina.core.ContainerBase$StartChild.call(ContainerBase.java:1332)
	at org.apache.catalina.core.ContainerBase$StartChild.call(ContainerBase.java:1322)
	at java.base/java.util.concurrent.FutureTask.run(FutureTask.java:264)
	at org.apache.tomcat.util.threads.InlineExecutorService.execute(InlineExecutorService.java:75)
	at java.base/java.util.concurrent.AbstractExecutorService.submit(AbstractExecutorService.java:145)
	at org.apache.catalina.core.ContainerBase.startInternal(ContainerBase.java:866)
	at org.apache.catalina.core.StandardEngine.startInternal(StandardEngine.java:241)
	at org.apache.catalina.util.LifecycleBase.start(LifecycleBase.java:171)
	at org.apache.catalina.core.StandardService.startInternal(StandardService.java:433)
	at org.apache.catalina.util.LifecycleBase.start(LifecycleBase.java:171)
	at org.apache.catalina.core.StandardServer.startInternal(StandardServer.java:918)
	at org.apache.catalina.util.LifecycleBase.start(LifecycleBase.java:171)
	at org.apache.catalina.startup.Tomcat.start(Tomcat.java:485)
	at org.springframework.boot.web.embedded.tomcat.TomcatWebServer.initialize(TomcatWebServer.java:123)
	... 18 common frames omitted
Caused by: org.springframework.beans.TypeMismatchException: Failed to convert value of type 'java.lang.String' to required type 'int'; For input string: ""
	at org.springframework.beans.TypeConverterSupport.convertIfNecessary(TypeConverterSupport.java:79)
	at org.springframework.beans.factory.support.DefaultListableBeanFactory.doResolveDependency(DefaultListableBeanFactory.java:1365)
	at org.springframework.beans.factory.support.DefaultListableBeanFactory.resolveDependency(DefaultListableBeanFactory.java:1337)
	at org.springframework.beans.factory.annotation.AutowiredAnnotationBeanPostProcessor$AutowiredFieldElement.resolveFieldValue(AutowiredAnnotationBeanPostProcessor.java:764)
	... 60 common frames omitted
Caused by: java.lang.NumberFormatException: For input string: ""
	at java.base/java.lang.NumberFormatException.forInputString(NumberFormatException.java:67)
	at java.base/java.lang.Integer.parseInt(Integer.java:678)
	at java.base/java.lang.Integer.valueOf(Integer.java:999)
	at org.springframework.util.NumberUtils.parseNumber(NumberUtils.java:203)
	at org.springframework.beans.propertyeditors.CustomNumberEditor.setAsText(CustomNumberEditor.java:115)
	at org.springframework.beans.TypeConverterDelegate.doConvertTextValue(TypeConverterDelegate.java:426)
	at org.springframework.beans.TypeConverterDelegate.doConvertValue(TypeConverterDelegate.java:399)
	at org.springframework.beans.TypeConverterDelegate.convertIfNecessary(TypeConverterDelegate.java:155)
	at org.springframework.beans.TypeConverterSupport.convertIfNecessary(TypeConverterSupport.java:73)
	... 63 common frames omitted
2026-09-28 19:26:26.801 [restartedMain] [] INFO  b.craftline.server.ServerApplication - Starting ServerApplication using Java 17.0.0.1 with PID 19060 (D:\work\clapp\ClappN\target\classes started by Shiva in D:\work\clapp\ClappN)
2026-09-28 19:26:26.802 [restartedMain] [] DEBUG b.craftline.server.ServerApplication - Running with Spring Boot v3.1.4, Spring v6.0.12
2026-09-28 19:26:26.803 [restartedMain] [] INFO  b.craftline.server.ServerApplication - The following 1 profile is active: "dev"
2026-09-28 19:26:26.844 [restartedMain] [] INFO  o.s.b.d.e.DevToolsPropertyDefaultsPostProcessor - Devtools property defaults active! Set 'spring.devtools.add-properties' to 'false' to disable
2026-09-28 19:26:26.844 [restartedMain] [] INFO  o.s.b.d.e.DevToolsPropertyDefaultsPostProcessor - For additional web related logging consider setting the 'logging.level.web' property to 'DEBUG'
2026-09-28 19:26:27.958 [restartedMain] [] INFO  o.s.d.r.c.RepositoryConfigurationDelegate - Bootstrapping Spring Data JPA repositories in DEFAULT mode.
2026-09-28 19:26:28.137 [restartedMain] [] INFO  o.s.d.r.c.RepositoryConfigurationDelegate - Finished Spring Data repository scanning in 173 ms. Found 44 JPA repository interfaces.
2026-09-28 19:26:29.037 [restartedMain] [] INFO  o.s.b.w.e.tomcat.TomcatWebServer - Tomcat initialized with port(s): 9090 (http)
2026-09-28 19:26:29.045 [restartedMain] [] INFO  o.a.catalina.core.StandardService - Starting service [Tomcat]
2026-09-28 19:26:29.045 [restartedMain] [] INFO  o.a.catalina.core.StandardEngine - Starting Servlet engine: [Apache Tomcat/10.1.13]
2026-09-28 19:26:29.119 [restartedMain] [] INFO  o.a.c.c.C.[Tomcat].[localhost].[/] - Initializing Spring embedded WebApplicationContext
2026-09-28 19:26:29.119 [restartedMain] [] INFO  o.s.b.w.s.c.ServletWebServerApplicationContext - Root WebApplicationContext: initialization completed in 2275 ms
2026-09-28 19:26:29.289 [restartedMain] [] ERROR o.s.b.w.e.tomcat.TomcatStarter - Error starting Tomcat context. Exception: org.springframework.beans.factory.UnsatisfiedDependencyException. Message: Error creating bean with name 'authRateLimitFilter': Unsatisfied dependency expressed through field 'maxRequests': Failed to convert value of type 'java.lang.String' to required type 'int'; For input string: ""
2026-09-28 19:26:29.310 [restartedMain] [] INFO  o.a.catalina.core.StandardService - Stopping service [Tomcat]
2026-09-28 19:26:29.318 [restartedMain] [] WARN  o.s.b.w.s.c.AnnotationConfigServletWebServerApplicationContext - Exception encountered during context initialization - cancelling refresh attempt: org.springframework.context.ApplicationContextException: Unable to start web server
2026-09-28 19:26:29.336 [restartedMain] [] INFO  o.s.b.a.l.ConditionEvaluationReportLogger - 

Error starting ApplicationContext. To display the condition evaluation report re-run your application with 'debug' enabled.
2026-09-28 19:26:29.353 [restartedMain] [] ERROR o.s.boot.SpringApplication - Application run failed
org.springframework.context.ApplicationContextException: Unable to start web server
	at org.springframework.boot.web.servlet.context.ServletWebServerApplicationContext.onRefresh(ServletWebServerApplicationContext.java:164)
	at org.springframework.context.support.AbstractApplicationContext.refresh(AbstractApplicationContext.java:602)
	at org.springframework.boot.web.servlet.context.ServletWebServerApplicationContext.refresh(ServletWebServerApplicationContext.java:146)
	at org.springframework.boot.SpringApplication.refresh(SpringApplication.java:737)
	at org.springframework.boot.SpringApplication.refreshContext(SpringApplication.java:439)
	at org.springframework.boot.SpringApplication.run(SpringApplication.java:315)
	at org.springframework.boot.SpringApplication.run(SpringApplication.java:1309)
	at org.springframework.boot.SpringApplication.run(SpringApplication.java:1298)
	at biz.craftline.server.ServerApplication.main(ServerApplication.java:17)
	at java.base/jdk.internal.reflect.NativeMethodAccessorImpl.invoke0(Native Method)
	at java.base/jdk.internal.reflect.NativeMethodAccessorImpl.invoke(NativeMethodAccessorImpl.java:77)
	at java.base/jdk.internal.reflect.DelegatingMethodAccessorImpl.invoke(DelegatingMethodAccessorImpl.java:43)
	at java.base/java.lang.reflect.Method.invoke(Method.java:568)
	at org.springframework.boot.devtools.restart.RestartLauncher.run(RestartLauncher.java:50)
Caused by: org.springframework.boot.web.server.WebServerException: Unable to start embedded Tomcat
	at org.springframework.boot.web.embedded.tomcat.TomcatWebServer.initialize(TomcatWebServer.java:142)
	at org.springframework.boot.web.embedded.tomcat.TomcatWebServer.<init>(TomcatWebServer.java:104)
	at org.springframework.boot.web.embedded.tomcat.TomcatServletWebServerFactory.getTomcatWebServer(TomcatServletWebServerFactory.java:489)
	at org.springframework.boot.web.embedded.tomcat.TomcatServletWebServerFactory.getWebServer(TomcatServletWebServerFactory.java:211)
	at org.springframework.boot.web.servlet.context.ServletWebServerApplicationContext.createWebServer(ServletWebServerApplicationContext.java:183)
	at org.springframework.boot.web.servlet.context.ServletWebServerApplicationContext.onRefresh(ServletWebServerApplicationContext.java:161)
	... 13 common frames omitted
Caused by: org.springframework.beans.factory.UnsatisfiedDependencyException: Error creating bean with name 'authRateLimitFilter': Unsatisfied dependency expressed through field 'maxRequests': Failed to convert value of type 'java.lang.String' to required type 'int'; For input string: ""
	at org.springframework.beans.factory.annotation.AutowiredAnnotationBeanPostProcessor$AutowiredFieldElement.resolveFieldValue(AutowiredAnnotationBeanPostProcessor.java:767)
	at org.springframework.beans.factory.annotation.AutowiredAnnotationBeanPostProcessor$AutowiredFieldElement.inject(AutowiredAnnotationBeanPostProcessor.java:747)
	at org.springframework.beans.factory.annotation.InjectionMetadata.inject(InjectionMetadata.java:145)
	at org.springframework.beans.factory.annotation.AutowiredAnnotationBeanPostProcessor.postProcessProperties(AutowiredAnnotationBeanPostProcessor.java:492)
	at org.springframework.beans.factory.support.AbstractAutowireCapableBeanFactory.populateBean(AbstractAutowireCapableBeanFactory.java:1416)
	at org.springframework.beans.factory.support.AbstractAutowireCapableBeanFactory.doCreateBean(AbstractAutowireCapableBeanFactory.java:597)
	at org.springframework.beans.factory.support.AbstractAutowireCapableBeanFactory.createBean(AbstractAutowireCapableBeanFactory.java:520)
	at org.springframework.beans.factory.support.AbstractBeanFactory.lambda$doGetBean$0(AbstractBeanFactory.java:325)
	at org.springframework.beans.factory.support.DefaultSingletonBeanRegistry.getSingleton(DefaultSingletonBeanRegistry.java:234)
	at org.springframework.beans.factory.support.AbstractBeanFactory.doGetBean(AbstractBeanFactory.java:323)
	at org.springframework.beans.factory.support.AbstractBeanFactory.getBean(AbstractBeanFactory.java:204)
	at org.springframework.boot.web.servlet.ServletContextInitializerBeans.getOrderedBeansOfType(ServletContextInitializerBeans.java:210)
	at org.springframework.boot.web.servlet.ServletContextInitializerBeans.addAsRegistrationBean(ServletContextInitializerBeans.java:173)
	at org.springframework.boot.web.servlet.ServletContextInitializerBeans.addAsRegistrationBean(ServletContextInitializerBeans.java:168)
	at org.springframework.boot.web.servlet.ServletContextInitializerBeans.addAdaptableBeans(ServletContextInitializerBeans.java:153)
	at org.springframework.boot.web.servlet.ServletContextInitializerBeans.<init>(ServletContextInitializerBeans.java:86)
	at org.springframework.boot.web.servlet.context.ServletWebServerApplicationContext.getServletContextInitializerBeans(ServletWebServerApplicationContext.java:261)
	at org.springframework.boot.web.servlet.context.ServletWebServerApplicationContext.selfInitialize(ServletWebServerApplicationContext.java:235)
	at org.springframework.boot.web.embedded.tomcat.TomcatStarter.onStartup(TomcatStarter.java:52)
	at org.apache.catalina.core.StandardContext.startInternal(StandardContext.java:4850)
	at org.apache.catalina.util.LifecycleBase.start(LifecycleBase.java:171)
	at org.apache.catalina.core.ContainerBase$StartChild.call(ContainerBase.java:1332)
	at org.apache.catalina.core.ContainerBase$StartChild.call(ContainerBase.java:1322)
	at java.base/java.util.concurrent.FutureTask.run(FutureTask.java:264)
	at org.apache.tomcat.util.threads.InlineExecutorService.execute(InlineExecutorService.java:75)
	at java.base/java.util.concurrent.AbstractExecutorService.submit(AbstractExecutorService.java:145)
	at org.apache.catalina.core.ContainerBase.startInternal(ContainerBase.java:866)
	at org.apache.catalina.core.StandardHost.startInternal(StandardHost.java:846)
	at org.apache.catalina.util.LifecycleBase.start(LifecycleBase.java:171)
	at org.apache.catalina.core.ContainerBase$StartChild.call(ContainerBase.java:1332)
	at org.apache.catalina.core.ContainerBase$StartChild.call(ContainerBase.java:1322)
	at java.base/java.util.concurrent.FutureTask.run(FutureTask.java:264)
	at org.apache.tomcat.util.threads.InlineExecutorService.execute(InlineExecutorService.java:75)
	at java.base/java.util.concurrent.AbstractExecutorService.submit(AbstractExecutorService.java:145)
	at org.apache.catalina.core.ContainerBase.startInternal(ContainerBase.java:866)
	at org.apache.catalina.core.StandardEngine.startInternal(StandardEngine.java:241)
	at org.apache.catalina.util.LifecycleBase.start(LifecycleBase.java:171)
	at org.apache.catalina.core.StandardService.startInternal(StandardService.java:433)
	at org.apache.catalina.util.LifecycleBase.start(LifecycleBase.java:171)
	at org.apache.catalina.core.StandardServer.startInternal(StandardServer.java:918)
	at org.apache.catalina.util.LifecycleBase.start(LifecycleBase.java:171)
	at org.apache.catalina.startup.Tomcat.start(Tomcat.java:485)
	at org.springframework.boot.web.embedded.tomcat.TomcatWebServer.initialize(TomcatWebServer.java:123)
	... 18 common frames omitted
Caused by: org.springframework.beans.TypeMismatchException: Failed to convert value of type 'java.lang.String' to required type 'int'; For input string: ""
	at org.springframework.beans.TypeConverterSupport.convertIfNecessary(TypeConverterSupport.java:79)
	at org.springframework.beans.factory.support.DefaultListableBeanFactory.doResolveDependency(DefaultListableBeanFactory.java:1365)
	at org.springframework.beans.factory.support.DefaultListableBeanFactory.resolveDependency(DefaultListableBeanFactory.java:1337)
	at org.springframework.beans.factory.annotation.AutowiredAnnotationBeanPostProcessor$AutowiredFieldElement.resolveFieldValue(AutowiredAnnotationBeanPostProcessor.java:764)
	... 60 common frames omitted
Caused by: java.lang.NumberFormatException: For input string: ""
	at java.base/java.lang.NumberFormatException.forInputString(NumberFormatException.java:67)
	at java.base/java.lang.Integer.parseInt(Integer.java:678)
	at java.base/java.lang.Integer.valueOf(Integer.java:999)
	at org.springframework.util.NumberUtils.parseNumber(NumberUtils.java:203)
	at org.springframework.beans.propertyeditors.CustomNumberEditor.setAsText(CustomNumberEditor.java:115)
	at org.springframework.beans.TypeConverterDelegate.doConvertTextValue(TypeConverterDelegate.java:426)
	at org.springframework.beans.TypeConverterDelegate.doConvertValue(TypeConverterDelegate.java:399)
	at org.springframework.beans.TypeConverterDelegate.convertIfNecessary(TypeConverterDelegate.java:155)
	at org.springframework.beans.TypeConverterSupport.convertIfNecessary(TypeConverterSupport.java:73)
	... 63 common frames omitted
2026-09-28 19:27:39.053 [restartedMain] [] INFO  b.craftline.server.ServerApplication - Starting ServerApplication using Java 17.0.0.1 with PID 17764 (D:\work\clapp\ClappN\target\classes started by Shiva in D:\work\clapp\ClappN)
2026-09-28 19:27:39.054 [restartedMain] [] DEBUG b.craftline.server.ServerApplication - Running with Spring Boot v3.1.4, Spring v6.0.12
2026-09-28 19:27:39.054 [restartedMain] [] INFO  b.craftline.server.ServerApplication - The following 1 profile is active: "dev"
2026-09-28 19:27:39.100 [restartedMain] [] INFO  o.s.b.d.e.DevToolsPropertyDefaultsPostProcessor - Devtools property defaults active! Set 'spring.devtools.add-properties' to 'false' to disable
2026-09-28 19:27:39.100 [restartedMain] [] INFO  o.s.b.d.e.DevToolsPropertyDefaultsPostProcessor - For additional web related logging consider setting the 'logging.level.web' property to 'DEBUG'
2026-09-28 19:27:40.237 [restartedMain] [] INFO  o.s.d.r.c.RepositoryConfigurationDelegate - Bootstrapping Spring Data JPA repositories in DEFAULT mode.
2026-09-28 19:27:40.416 [restartedMain] [] INFO  o.s.d.r.c.RepositoryConfigurationDelegate - Finished Spring Data repository scanning in 173 ms. Found 44 JPA repository interfaces.
2026-09-28 19:27:41.324 [restartedMain] [] INFO  o.s.b.w.e.tomcat.TomcatWebServer - Tomcat initialized with port(s): 9090 (http)
2026-09-28 19:27:41.333 [restartedMain] [] INFO  o.a.catalina.core.StandardService - Starting service [Tomcat]
2026-09-28 19:27:41.333 [restartedMain] [] INFO  o.a.catalina.core.StandardEngine - Starting Servlet engine: [Apache Tomcat/10.1.13]
2026-09-28 19:27:41.405 [restartedMain] [] INFO  o.a.c.c.C.[Tomcat].[localhost].[/] - Initializing Spring embedded WebApplicationContext
2026-09-28 19:27:41.406 [restartedMain] [] INFO  o.s.b.w.s.c.ServletWebServerApplicationContext - Root WebApplicationContext: initialization completed in 2304 ms
2026-09-28 19:27:41.575 [restartedMain] [] ERROR o.s.b.w.e.tomcat.TomcatStarter - Error starting Tomcat context. Exception: org.springframework.beans.factory.UnsatisfiedDependencyException. Message: Error creating bean with name 'authRateLimitFilter': Unsatisfied dependency expressed through field 'maxRequests': Failed to convert value of type 'java.lang.String' to required type 'int'; For input string: ""
2026-09-28 19:27:41.596 [restartedMain] [] INFO  o.a.catalina.core.StandardService - Stopping service [Tomcat]
2026-09-28 19:27:41.605 [restartedMain] [] WARN  o.s.b.w.s.c.AnnotationConfigServletWebServerApplicationContext - Exception encountered during context initialization - cancelling refresh attempt: org.springframework.context.ApplicationContextException: Unable to start web server
2026-09-28 19:27:41.622 [restartedMain] [] INFO  o.s.b.a.l.ConditionEvaluationReportLogger - 

Error starting ApplicationContext. To display the condition evaluation report re-run your application with 'debug' enabled.
2026-09-28 19:27:41.640 [restartedMain] [] ERROR o.s.boot.SpringApplication - Application run failed
org.springframework.context.ApplicationContextException: Unable to start web server
	at org.springframework.boot.web.servlet.context.ServletWebServerApplicationContext.onRefresh(ServletWebServerApplicationContext.java:164)
	at org.springframework.context.support.AbstractApplicationContext.refresh(AbstractApplicationContext.java:602)
	at org.springframework.boot.web.servlet.context.ServletWebServerApplicationContext.refresh(ServletWebServerApplicationContext.java:146)
	at org.springframework.boot.SpringApplication.refresh(SpringApplication.java:737)
	at org.springframework.boot.SpringApplication.refreshContext(SpringApplication.java:439)
	at org.springframework.boot.SpringApplication.run(SpringApplication.java:315)
	at org.springframework.boot.SpringApplication.run(SpringApplication.java:1309)
	at org.springframework.boot.SpringApplication.run(SpringApplication.java:1298)
	at biz.craftline.server.ServerApplication.main(ServerApplication.java:17)
	at java.base/jdk.internal.reflect.NativeMethodAccessorImpl.invoke0(Native Method)
	at java.base/jdk.internal.reflect.NativeMethodAccessorImpl.invoke(NativeMethodAccessorImpl.java:77)
	at java.base/jdk.internal.reflect.DelegatingMethodAccessorImpl.invoke(DelegatingMethodAccessorImpl.java:43)
	at java.base/java.lang.reflect.Method.invoke(Method.java:568)
	at org.springframework.boot.devtools.restart.RestartLauncher.run(RestartLauncher.java:50)
Caused by: org.springframework.boot.web.server.WebServerException: Unable to start embedded Tomcat
	at org.springframework.boot.web.embedded.tomcat.TomcatWebServer.initialize(TomcatWebServer.java:142)
	at org.springframework.boot.web.embedded.tomcat.TomcatWebServer.<init>(TomcatWebServer.java:104)
	at org.springframework.boot.web.embedded.tomcat.TomcatServletWebServerFactory.getTomcatWebServer(TomcatServletWebServerFactory.java:489)
	at org.springframework.boot.web.embedded.tomcat.TomcatServletWebServerFactory.getWebServer(TomcatServletWebServerFactory.java:211)
	at org.springframework.boot.web.servlet.context.ServletWebServerApplicationContext.createWebServer(ServletWebServerApplicationContext.java:183)
	at org.springframework.boot.web.servlet.context.ServletWebServerApplicationContext.onRefresh(ServletWebServerApplicationContext.java:161)
	... 13 common frames omitted
Caused by: org.springframework.beans.factory.UnsatisfiedDependencyException: Error creating bean with name 'authRateLimitFilter': Unsatisfied dependency expressed through field 'maxRequests': Failed to convert value of type 'java.lang.String' to required type 'int'; For input string: ""
	at org.springframework.beans.factory.annotation.AutowiredAnnotationBeanPostProcessor$AutowiredFieldElement.resolveFieldValue(AutowiredAnnotationBeanPostProcessor.java:767)
	at org.springframework.beans.factory.annotation.AutowiredAnnotationBeanPostProcessor$AutowiredFieldElement.inject(AutowiredAnnotationBeanPostProcessor.java:747)
	at org.springframework.beans.factory.annotation.InjectionMetadata.inject(InjectionMetadata.java:145)
	at org.springframework.beans.factory.annotation.AutowiredAnnotationBeanPostProcessor.postProcessProperties(AutowiredAnnotationBeanPostProcessor.java:492)
	at org.springframework.beans.factory.support.AbstractAutowireCapableBeanFactory.populateBean(AbstractAutowireCapableBeanFactory.java:1416)
	at org.springframework.beans.factory.support.AbstractAutowireCapableBeanFactory.doCreateBean(AbstractAutowireCapableBeanFactory.java:597)
	at org.springframework.beans.factory.support.AbstractAutowireCapableBeanFactory.createBean(AbstractAutowireCapableBeanFactory.java:520)
	at org.springframework.beans.factory.support.AbstractBeanFactory.lambda$doGetBean$0(AbstractBeanFactory.java:325)
	at org.springframework.beans.factory.support.DefaultSingletonBeanRegistry.getSingleton(DefaultSingletonBeanRegistry.java:234)
	at org.springframework.beans.factory.support.AbstractBeanFactory.doGetBean(AbstractBeanFactory.java:323)
	at org.springframework.beans.factory.support.AbstractBeanFactory.getBean(AbstractBeanFactory.java:204)
	at org.springframework.boot.web.servlet.ServletContextInitializerBeans.getOrderedBeansOfType(ServletContextInitializerBeans.java:210)
	at org.springframework.boot.web.servlet.ServletContextInitializerBeans.addAsRegistrationBean(ServletContextInitializerBeans.java:173)
	at org.springframework.boot.web.servlet.ServletContextInitializerBeans.addAsRegistrationBean(ServletContextInitializerBeans.java:168)
	at org.springframework.boot.web.servlet.ServletContextInitializerBeans.addAdaptableBeans(ServletContextInitializerBeans.java:153)
	at org.springframework.boot.web.servlet.ServletContextInitializerBeans.<init>(ServletContextInitializerBeans.java:86)
	at org.springframework.boot.web.servlet.context.ServletWebServerApplicationContext.getServletContextInitializerBeans(ServletWebServerApplicationContext.java:261)
	at org.springframework.boot.web.servlet.context.ServletWebServerApplicationContext.selfInitialize(ServletWebServerApplicationContext.java:235)
	at org.springframework.boot.web.embedded.tomcat.TomcatStarter.onStartup(TomcatStarter.java:52)
	at org.apache.catalina.core.StandardContext.startInternal(StandardContext.java:4850)
	at org.apache.catalina.util.LifecycleBase.start(LifecycleBase.java:171)
	at org.apache.catalina.core.ContainerBase$StartChild.call(ContainerBase.java:1332)
	at org.apache.catalina.core.ContainerBase$StartChild.call(ContainerBase.java:1322)
	at java.base/java.util.concurrent.FutureTask.run(FutureTask.java:264)
	at org.apache.tomcat.util.threads.InlineExecutorService.execute(InlineExecutorService.java:75)
	at java.base/java.util.concurrent.AbstractExecutorService.submit(AbstractExecutorService.java:145)
	at org.apache.catalina.core.ContainerBase.startInternal(ContainerBase.java:866)
	at org.apache.catalina.core.StandardHost.startInternal(StandardHost.java:846)
	at org.apache.catalina.util.LifecycleBase.start(LifecycleBase.java:171)
	at org.apache.catalina.core.ContainerBase$StartChild.call(ContainerBase.java:1332)
	at org.apache.catalina.core.ContainerBase$StartChild.call(ContainerBase.java:1322)
	at java.base/java.util.concurrent.FutureTask.run(FutureTask.java:264)
	at org.apache.tomcat.util.threads.InlineExecutorService.execute(InlineExecutorService.java:75)
	at java.base/java.util.concurrent.AbstractExecutorService.submit(AbstractExecutorService.java:145)
	at org.apache.catalina.core.ContainerBase.startInternal(ContainerBase.java:866)
	at org.apache.catalina.core.StandardEngine.startInternal(StandardEngine.java:241)
	at org.apache.catalina.util.LifecycleBase.start(LifecycleBase.java:171)
	at org.apache.catalina.core.StandardService.startInternal(StandardService.java:433)
	at org.apache.catalina.util.LifecycleBase.start(LifecycleBase.java:171)
	at org.apache.catalina.core.StandardServer.startInternal(StandardServer.java:918)
	at org.apache.catalina.util.LifecycleBase.start(LifecycleBase.java:171)
	at org.apache.catalina.startup.Tomcat.start(Tomcat.java:485)
	at org.springframework.boot.web.embedded.tomcat.TomcatWebServer.initialize(TomcatWebServer.java:123)
	... 18 common frames omitted
Caused by: org.springframework.beans.TypeMismatchException: Failed to convert value of type 'java.lang.String' to required type 'int'; For input string: ""
	at org.springframework.beans.TypeConverterSupport.convertIfNecessary(TypeConverterSupport.java:79)
	at org.springframework.beans.factory.support.DefaultListableBeanFactory.doResolveDependency(DefaultListableBeanFactory.java:1365)
	at org.springframework.beans.factory.support.DefaultListableBeanFactory.resolveDependency(DefaultListableBeanFactory.java:1337)
	at org.springframework.beans.factory.annotation.AutowiredAnnotationBeanPostProcessor$AutowiredFieldElement.resolveFieldValue(AutowiredAnnotationBeanPostProcessor.java:764)
	... 60 common frames omitted
Caused by: java.lang.NumberFormatException: For input string: ""
	at java.base/java.lang.NumberFormatException.forInputString(NumberFormatException.java:67)
	at java.base/java.lang.Integer.parseInt(Integer.java:678)
	at java.base/java.lang.Integer.valueOf(Integer.java:999)
	at org.springframework.util.NumberUtils.parseNumber(NumberUtils.java:203)
	at org.springframework.beans.propertyeditors.CustomNumberEditor.setAsText(CustomNumberEditor.java:115)
	at org.springframework.beans.TypeConverterDelegate.doConvertTextValue(TypeConverterDelegate.java:426)
	at org.springframework.beans.TypeConverterDelegate.doConvertValue(TypeConverterDelegate.java:399)
	at org.springframework.beans.TypeConverterDelegate.convertIfNecessary(TypeConverterDelegate.java:155)
	at org.springframework.beans.TypeConverterSupport.convertIfNecessary(TypeConverterSupport.java:73)
	... 63 common frames omitted
2026-09-28 19:34:41.303 [restartedMain] [] INFO  b.craftline.server.ServerApplication - Starting ServerApplication using Java 17.0.0.1 with PID 376 (D:\work\clapp\ClappN\target\classes started by Shiva in D:\work\clapp\ClappN)
2026-09-28 19:34:41.303 [restartedMain] [] DEBUG b.craftline.server.ServerApplication - Running with Spring Boot v3.1.4, Spring v6.0.12
2026-09-28 19:34:41.303 [restartedMain] [] INFO  b.craftline.server.ServerApplication - The following 1 profile is active: "dev"
2026-09-28 19:34:41.355 [restartedMain] [] INFO  o.s.b.d.e.DevToolsPropertyDefaultsPostProcessor - Devtools property defaults active! Set 'spring.devtools.add-properties' to 'false' to disable
2026-09-28 19:34:41.355 [restartedMain] [] INFO  o.s.b.d.e.DevToolsPropertyDefaultsPostProcessor - For additional web related logging consider setting the 'logging.level.web' property to 'DEBUG'
2026-09-28 19:34:43.201 [restartedMain] [] INFO  o.s.d.r.c.RepositoryConfigurationDelegate - Bootstrapping Spring Data JPA repositories in DEFAULT mode.
2026-09-28 19:34:43.419 [restartedMain] [] INFO  o.s.d.r.c.RepositoryConfigurationDelegate - Finished Spring Data repository scanning in 215 ms. Found 44 JPA repository interfaces.
2026-09-28 19:34:44.636 [restartedMain] [] INFO  o.s.b.w.e.tomcat.TomcatWebServer - Tomcat initialized with port(s): 9090 (http)
2026-09-28 19:34:44.639 [restartedMain] [] INFO  o.a.catalina.core.StandardService - Starting service [Tomcat]
2026-09-28 19:34:44.639 [restartedMain] [] INFO  o.a.catalina.core.StandardEngine - Starting Servlet engine: [Apache Tomcat/10.1.13]
2026-09-28 19:34:44.742 [restartedMain] [] INFO  o.a.c.c.C.[Tomcat].[localhost].[/] - Initializing Spring embedded WebApplicationContext
2026-09-28 19:34:44.742 [restartedMain] [] INFO  o.s.b.w.s.c.ServletWebServerApplicationContext - Root WebApplicationContext: initialization completed in 3387 ms
2026-09-28 19:34:44.946 [restartedMain] [] ERROR o.s.b.w.e.tomcat.TomcatStarter - Error starting Tomcat context. Exception: org.springframework.beans.factory.UnsatisfiedDependencyException. Message: Error creating bean with name 'authRateLimitFilter': Unsatisfied dependency expressed through field 'maxRequests': Failed to convert value of type 'java.lang.String' to required type 'int'; For input string: ""
2026-09-28 19:34:44.975 [restartedMain] [] INFO  o.a.catalina.core.StandardService - Stopping service [Tomcat]
2026-09-28 19:34:44.985 [restartedMain] [] WARN  o.s.b.w.s.c.AnnotationConfigServletWebServerApplicationContext - Exception encountered during context initialization - cancelling refresh attempt: org.springframework.context.ApplicationContextException: Unable to start web server
2026-09-28 19:34:45.005 [restartedMain] [] INFO  o.s.b.a.l.ConditionEvaluationReportLogger - 

Error starting ApplicationContext. To display the condition evaluation report re-run your application with 'debug' enabled.
2026-09-28 19:34:45.018 [restartedMain] [] ERROR o.s.boot.SpringApplication - Application run failed
org.springframework.context.ApplicationContextException: Unable to start web server
	at org.springframework.boot.web.servlet.context.ServletWebServerApplicationContext.onRefresh(ServletWebServerApplicationContext.java:164)
	at org.springframework.context.support.AbstractApplicationContext.refresh(AbstractApplicationContext.java:602)
	at org.springframework.boot.web.servlet.context.ServletWebServerApplicationContext.refresh(ServletWebServerApplicationContext.java:146)
	at org.springframework.boot.SpringApplication.refresh(SpringApplication.java:737)
	at org.springframework.boot.SpringApplication.refreshContext(SpringApplication.java:439)
	at org.springframework.boot.SpringApplication.run(SpringApplication.java:315)
	at org.springframework.boot.SpringApplication.run(SpringApplication.java:1309)
	at org.springframework.boot.SpringApplication.run(SpringApplication.java:1298)
	at biz.craftline.server.ServerApplication.main(ServerApplication.java:17)
	at java.base/jdk.internal.reflect.NativeMethodAccessorImpl.invoke0(Native Method)
	at java.base/jdk.internal.reflect.NativeMethodAccessorImpl.invoke(NativeMethodAccessorImpl.java:77)
	at java.base/jdk.internal.reflect.DelegatingMethodAccessorImpl.invoke(DelegatingMethodAccessorImpl.java:43)
	at java.base/java.lang.reflect.Method.invoke(Method.java:568)
	at org.springframework.boot.devtools.restart.RestartLauncher.run(RestartLauncher.java:50)
Caused by: org.springframework.boot.web.server.WebServerException: Unable to start embedded Tomcat
	at org.springframework.boot.web.embedded.tomcat.TomcatWebServer.initialize(TomcatWebServer.java:142)
	at org.springframework.boot.web.embedded.tomcat.TomcatWebServer.<init>(TomcatWebServer.java:104)
	at org.springframework.boot.web.embedded.tomcat.TomcatServletWebServerFactory.getTomcatWebServer(TomcatServletWebServerFactory.java:489)
	at org.springframework.boot.web.embedded.tomcat.TomcatServletWebServerFactory.getWebServer(TomcatServletWebServerFactory.java:211)
	at org.springframework.boot.web.servlet.context.ServletWebServerApplicationContext.createWebServer(ServletWebServerApplicationContext.java:183)
	at org.springframework.boot.web.servlet.context.ServletWebServerApplicationContext.onRefresh(ServletWebServerApplicationContext.java:161)
	... 13 common frames omitted
Caused by: org.springframework.beans.factory.UnsatisfiedDependencyException: Error creating bean with name 'authRateLimitFilter': Unsatisfied dependency expressed through field 'maxRequests': Failed to convert value of type 'java.lang.String' to required type 'int'; For input string: ""
	at org.springframework.beans.factory.annotation.AutowiredAnnotationBeanPostProcessor$AutowiredFieldElement.resolveFieldValue(AutowiredAnnotationBeanPostProcessor.java:767)
	at org.springframework.beans.factory.annotation.AutowiredAnnotationBeanPostProcessor$AutowiredFieldElement.inject(AutowiredAnnotationBeanPostProcessor.java:747)
	at org.springframework.beans.factory.annotation.InjectionMetadata.inject(InjectionMetadata.java:145)
	at org.springframework.beans.factory.annotation.AutowiredAnnotationBeanPostProcessor.postProcessProperties(AutowiredAnnotationBeanPostProcessor.java:492)
	at org.springframework.beans.factory.support.AbstractAutowireCapableBeanFactory.populateBean(AbstractAutowireCapableBeanFactory.java:1416)
	at org.springframework.beans.factory.support.AbstractAutowireCapableBeanFactory.doCreateBean(AbstractAutowireCapableBeanFactory.java:597)
	at org.springframework.beans.factory.support.AbstractAutowireCapableBeanFactory.createBean(AbstractAutowireCapableBeanFactory.java:520)
	at org.springframework.beans.factory.support.AbstractBeanFactory.lambda$doGetBean$0(AbstractBeanFactory.java:325)
	at org.springframework.beans.factory.support.DefaultSingletonBeanRegistry.getSingleton(DefaultSingletonBeanRegistry.java:234)
	at org.springframework.beans.factory.support.AbstractBeanFactory.doGetBean(AbstractBeanFactory.java:323)
	at org.springframework.beans.factory.support.AbstractBeanFactory.getBean(AbstractBeanFactory.java:204)
	at org.springframework.boot.web.servlet.ServletContextInitializerBeans.getOrderedBeansOfType(ServletContextInitializerBeans.java:210)
	at org.springframework.boot.web.servlet.ServletContextInitializerBeans.addAsRegistrationBean(ServletContextInitializerBeans.java:173)
	at org.springframework.boot.web.servlet.ServletContextInitializerBeans.addAsRegistrationBean(ServletContextInitializerBeans.java:168)
	at org.springframework.boot.web.servlet.ServletContextInitializerBeans.addAdaptableBeans(ServletContextInitializerBeans.java:153)
	at org.springframework.boot.web.servlet.ServletContextInitializerBeans.<init>(ServletContextInitializerBeans.java:86)
	at org.springframework.boot.web.servlet.context.ServletWebServerApplicationContext.getServletContextInitializerBeans(ServletWebServerApplicationContext.java:261)
	at org.springframework.boot.web.servlet.context.ServletWebServerApplicationContext.selfInitialize(ServletWebServerApplicationContext.java:235)
	at org.springframework.boot.web.embedded.tomcat.TomcatStarter.onStartup(TomcatStarter.java:52)
	at org.apache.catalina.core.StandardContext.startInternal(StandardContext.java:4850)
	at org.apache.catalina.util.LifecycleBase.start(LifecycleBase.java:171)
	at org.apache.catalina.core.ContainerBase$StartChild.call(ContainerBase.java:1332)
	at org.apache.catalina.core.ContainerBase$StartChild.call(ContainerBase.java:1322)
	at java.base/java.util.concurrent.FutureTask.run(FutureTask.java:264)
	at org.apache.tomcat.util.threads.InlineExecutorService.execute(InlineExecutorService.java:75)
	at java.base/java.util.concurrent.AbstractExecutorService.submit(AbstractExecutorService.java:145)
	at org.apache.catalina.core.ContainerBase.startInternal(ContainerBase.java:866)
	at org.apache.catalina.core.StandardHost.startInternal(StandardHost.java:846)
	at org.apache.catalina.util.LifecycleBase.start(LifecycleBase.java:171)
	at org.apache.catalina.core.ContainerBase$StartChild.call(ContainerBase.java:1332)
	at org.apache.catalina.core.ContainerBase$StartChild.call(ContainerBase.java:1322)
	at java.base/java.util.concurrent.FutureTask.run(FutureTask.java:264)
	at org.apache.tomcat.util.threads.InlineExecutorService.execute(InlineExecutorService.java:75)
	at java.base/java.util.concurrent.AbstractExecutorService.submit(AbstractExecutorService.java:145)
	at org.apache.catalina.core.ContainerBase.startInternal(ContainerBase.java:866)
	at org.apache.catalina.core.StandardEngine.startInternal(StandardEngine.java:241)
	at org.apache.catalina.util.LifecycleBase.start(LifecycleBase.java:171)
	at org.apache.catalina.core.StandardService.startInternal(StandardService.java:433)
	at org.apache.catalina.util.LifecycleBase.start(LifecycleBase.java:171)
	at org.apache.catalina.core.StandardServer.startInternal(StandardServer.java:918)
	at org.apache.catalina.util.LifecycleBase.start(LifecycleBase.java:171)
	at org.apache.catalina.startup.Tomcat.start(Tomcat.java:485)
	at org.springframework.boot.web.embedded.tomcat.TomcatWebServer.initialize(TomcatWebServer.java:123)
	... 18 common frames omitted
Caused by: org.springframework.beans.TypeMismatchException: Failed to convert value of type 'java.lang.String' to required type 'int'; For input string: ""
	at org.springframework.beans.TypeConverterSupport.convertIfNecessary(TypeConverterSupport.java:79)
	at org.springframework.beans.factory.support.DefaultListableBeanFactory.doResolveDependency(DefaultListableBeanFactory.java:1365)
	at org.springframework.beans.factory.support.DefaultListableBeanFactory.resolveDependency(DefaultListableBeanFactory.java:1337)
	at org.springframework.beans.factory.annotation.AutowiredAnnotationBeanPostProcessor$AutowiredFieldElement.resolveFieldValue(AutowiredAnnotationBeanPostProcessor.java:764)
	... 60 common frames omitted
Caused by: java.lang.NumberFormatException: For input string: ""
	at java.base/java.lang.NumberFormatException.forInputString(NumberFormatException.java:67)
	at java.base/java.lang.Integer.parseInt(Integer.java:678)
	at java.base/java.lang.Integer.valueOf(Integer.java:999)
	at org.springframework.util.NumberUtils.parseNumber(NumberUtils.java:203)
	at org.springframework.beans.propertyeditors.CustomNumberEditor.setAsText(CustomNumberEditor.java:115)
	at org.springframework.beans.TypeConverterDelegate.doConvertTextValue(TypeConverterDelegate.java:426)
	at org.springframework.beans.TypeConverterDelegate.doConvertValue(TypeConverterDelegate.java:399)
	at org.springframework.beans.TypeConverterDelegate.convertIfNecessary(TypeConverterDelegate.java:155)
	at org.springframework.beans.TypeConverterSupport.convertIfNecessary(TypeConverterSupport.java:73)
	... 63 common frames omitted
2026-09-28 19:35:22.189 [restartedMain] [] INFO  b.craftline.server.ServerApplication - Starting ServerApplication using Java 17.0.0.1 with PID 12452 (D:\work\clapp\ClappN\target\classes started by Shiva in D:\work\clapp\ClappN)
2026-09-28 19:35:22.190 [restartedMain] [] DEBUG b.craftline.server.ServerApplication - Running with Spring Boot v3.1.4, Spring v6.0.12
2026-09-28 19:35:22.191 [restartedMain] [] INFO  b.craftline.server.ServerApplication - The following 1 profile is active: "dev"
2026-09-28 19:35:22.234 [restartedMain] [] INFO  o.s.b.d.e.DevToolsPropertyDefaultsPostProcessor - Devtools property defaults active! Set 'spring.devtools.add-properties' to 'false' to disable
2026-09-28 19:35:22.234 [restartedMain] [] INFO  o.s.b.d.e.DevToolsPropertyDefaultsPostProcessor - For additional web related logging consider setting the 'logging.level.web' property to 'DEBUG'
2026-09-28 19:35:23.383 [restartedMain] [] INFO  o.s.d.r.c.RepositoryConfigurationDelegate - Bootstrapping Spring Data JPA repositories in DEFAULT mode.
2026-09-28 19:35:23.563 [restartedMain] [] INFO  o.s.d.r.c.RepositoryConfigurationDelegate - Finished Spring Data repository scanning in 174 ms. Found 44 JPA repository interfaces.
2026-09-28 19:35:24.476 [restartedMain] [] INFO  o.s.b.w.e.tomcat.TomcatWebServer - Tomcat initialized with port(s): 9090 (http)
2026-09-28 19:35:24.485 [restartedMain] [] INFO  o.a.catalina.core.StandardService - Starting service [Tomcat]
2026-09-28 19:35:24.485 [restartedMain] [] INFO  o.a.catalina.core.StandardEngine - Starting Servlet engine: [Apache Tomcat/10.1.13]
2026-09-28 19:35:24.561 [restartedMain] [] INFO  o.a.c.c.C.[Tomcat].[localhost].[/] - Initializing Spring embedded WebApplicationContext
2026-09-28 19:35:24.563 [restartedMain] [] INFO  o.s.b.w.s.c.ServletWebServerApplicationContext - Root WebApplicationContext: initialization completed in 2325 ms
2026-09-28 19:35:24.731 [restartedMain] [] ERROR o.s.b.w.e.tomcat.TomcatStarter - Error starting Tomcat context. Exception: org.springframework.beans.factory.UnsatisfiedDependencyException. Message: Error creating bean with name 'authRateLimitFilter': Unsatisfied dependency expressed through field 'maxRequests': Failed to convert value of type 'java.lang.String' to required type 'int'; For input string: ""
2026-09-28 19:35:24.751 [restartedMain] [] INFO  o.a.catalina.core.StandardService - Stopping service [Tomcat]
2026-09-28 19:35:24.760 [restartedMain] [] WARN  o.s.b.w.s.c.AnnotationConfigServletWebServerApplicationContext - Exception encountered during context initialization - cancelling refresh attempt: org.springframework.context.ApplicationContextException: Unable to start web server
2026-09-28 19:35:24.777 [restartedMain] [] INFO  o.s.b.a.l.ConditionEvaluationReportLogger - 

Error starting ApplicationContext. To display the condition evaluation report re-run your application with 'debug' enabled.
2026-09-28 19:35:24.794 [restartedMain] [] ERROR o.s.boot.SpringApplication - Application run failed
org.springframework.context.ApplicationContextException: Unable to start web server
	at org.springframework.boot.web.servlet.context.ServletWebServerApplicationContext.onRefresh(ServletWebServerApplicationContext.java:164)
	at org.springframework.context.support.AbstractApplicationContext.refresh(AbstractApplicationContext.java:602)
	at org.springframework.boot.web.servlet.context.ServletWebServerApplicationContext.refresh(ServletWebServerApplicationContext.java:146)
	at org.springframework.boot.SpringApplication.refresh(SpringApplication.java:737)
	at org.springframework.boot.SpringApplication.refreshContext(SpringApplication.java:439)
	at org.springframework.boot.SpringApplication.run(SpringApplication.java:315)
	at org.springframework.boot.SpringApplication.run(SpringApplication.java:1309)
	at org.springframework.boot.SpringApplication.run(SpringApplication.java:1298)
	at biz.craftline.server.ServerApplication.main(ServerApplication.java:17)
	at java.base/jdk.internal.reflect.NativeMethodAccessorImpl.invoke0(Native Method)
	at java.base/jdk.internal.reflect.NativeMethodAccessorImpl.invoke(NativeMethodAccessorImpl.java:77)
	at java.base/jdk.internal.reflect.DelegatingMethodAccessorImpl.invoke(DelegatingMethodAccessorImpl.java:43)
	at java.base/java.lang.reflect.Method.invoke(Method.java:568)
	at org.springframework.boot.devtools.restart.RestartLauncher.run(RestartLauncher.java:50)
Caused by: org.springframework.boot.web.server.WebServerException: Unable to start embedded Tomcat
	at org.springframework.boot.web.embedded.tomcat.TomcatWebServer.initialize(TomcatWebServer.java:142)
	at org.springframework.boot.web.embedded.tomcat.TomcatWebServer.<init>(TomcatWebServer.java:104)
	at org.springframework.boot.web.embedded.tomcat.TomcatServletWebServerFactory.getTomcatWebServer(TomcatServletWebServerFactory.java:489)
	at org.springframework.boot.web.embedded.tomcat.TomcatServletWebServerFactory.getWebServer(TomcatServletWebServerFactory.java:211)
	at org.springframework.boot.web.servlet.context.ServletWebServerApplicationContext.createWebServer(ServletWebServerApplicationContext.java:183)
	at org.springframework.boot.web.servlet.context.ServletWebServerApplicationContext.onRefresh(ServletWebServerApplicationContext.java:161)
	... 13 common frames omitted
Caused by: org.springframework.beans.factory.UnsatisfiedDependencyException: Error creating bean with name 'authRateLimitFilter': Unsatisfied dependency expressed through field 'maxRequests': Failed to convert value of type 'java.lang.String' to required type 'int'; For input string: ""
	at org.springframework.beans.factory.annotation.AutowiredAnnotationBeanPostProcessor$AutowiredFieldElement.resolveFieldValue(AutowiredAnnotationBeanPostProcessor.java:767)
	at org.springframework.beans.factory.annotation.AutowiredAnnotationBeanPostProcessor$AutowiredFieldElement.inject(AutowiredAnnotationBeanPostProcessor.java:747)
	at org.springframework.beans.factory.annotation.InjectionMetadata.inject(InjectionMetadata.java:145)
	at org.springframework.beans.factory.annotation.AutowiredAnnotationBeanPostProcessor.postProcessProperties(AutowiredAnnotationBeanPostProcessor.java:492)
	at org.springframework.beans.factory.support.AbstractAutowireCapableBeanFactory.populateBean(AbstractAutowireCapableBeanFactory.java:1416)
	at org.springframework.beans.factory.support.AbstractAutowireCapableBeanFactory.doCreateBean(AbstractAutowireCapableBeanFactory.java:597)
	at org.springframework.beans.factory.support.AbstractAutowireCapableBeanFactory.createBean(AbstractAutowireCapableBeanFactory.java:520)
	at org.springframework.beans.factory.support.AbstractBeanFactory.lambda$doGetBean$0(AbstractBeanFactory.java:325)
	at org.springframework.beans.factory.support.DefaultSingletonBeanRegistry.getSingleton(DefaultSingletonBeanRegistry.java:234)
	at org.springframework.beans.factory.support.AbstractBeanFactory.doGetBean(AbstractBeanFactory.java:323)
	at org.springframework.beans.factory.support.AbstractBeanFactory.getBean(AbstractBeanFactory.java:204)
	at org.springframework.boot.web.servlet.ServletContextInitializerBeans.getOrderedBeansOfType(ServletContextInitializerBeans.java:210)
	at org.springframework.boot.web.servlet.ServletContextInitializerBeans.addAsRegistrationBean(ServletContextInitializerBeans.java:173)
	at org.springframework.boot.web.servlet.ServletContextInitializerBeans.addAsRegistrationBean(ServletContextInitializerBeans.java:168)
	at org.springframework.boot.web.servlet.ServletContextInitializerBeans.addAdaptableBeans(ServletContextInitializerBeans.java:153)
	at org.springframework.boot.web.servlet.ServletContextInitializerBeans.<init>(ServletContextInitializerBeans.java:86)
	at org.springframework.boot.web.servlet.context.ServletWebServerApplicationContext.getServletContextInitializerBeans(ServletWebServerApplicationContext.java:261)
	at org.springframework.boot.web.servlet.context.ServletWebServerApplicationContext.selfInitialize(ServletWebServerApplicationContext.java:235)
	at org.springframework.boot.web.embedded.tomcat.TomcatStarter.onStartup(TomcatStarter.java:52)
	at org.apache.catalina.core.StandardContext.startInternal(StandardContext.java:4850)
	at org.apache.catalina.util.LifecycleBase.start(LifecycleBase.java:171)
	at org.apache.catalina.core.ContainerBase$StartChild.call(ContainerBase.java:1332)
	at org.apache.catalina.core.ContainerBase$StartChild.call(ContainerBase.java:1322)
	at java.base/java.util.concurrent.FutureTask.run(FutureTask.java:264)
	at org.apache.tomcat.util.threads.InlineExecutorService.execute(InlineExecutorService.java:75)
	at java.base/java.util.concurrent.AbstractExecutorService.submit(AbstractExecutorService.java:145)
	at org.apache.catalina.core.ContainerBase.startInternal(ContainerBase.java:866)
	at org.apache.catalina.core.StandardHost.startInternal(StandardHost.java:846)
	at org.apache.catalina.util.LifecycleBase.start(LifecycleBase.java:171)
	at org.apache.catalina.core.ContainerBase$StartChild.call(ContainerBase.java:1332)
	at org.apache.catalina.core.ContainerBase$StartChild.call(ContainerBase.java:1322)
	at java.base/java.util.concurrent.FutureTask.run(FutureTask.java:264)
	at org.apache.tomcat.util.threads.InlineExecutorService.execute(InlineExecutorService.java:75)
	at java.base/java.util.concurrent.AbstractExecutorService.submit(AbstractExecutorService.java:145)
	at org.apache.catalina.core.ContainerBase.startInternal(ContainerBase.java:866)
	at org.apache.catalina.core.StandardEngine.startInternal(StandardEngine.java:241)
	at org.apache.catalina.util.LifecycleBase.start(LifecycleBase.java:171)
	at org.apache.catalina.core.StandardService.startInternal(StandardService.java:433)
	at org.apache.catalina.util.LifecycleBase.start(LifecycleBase.java:171)
	at org.apache.catalina.core.StandardServer.startInternal(StandardServer.java:918)
	at org.apache.catalina.util.LifecycleBase.start(LifecycleBase.java:171)
	at org.apache.catalina.startup.Tomcat.start(Tomcat.java:485)
	at org.springframework.boot.web.embedded.tomcat.TomcatWebServer.initialize(TomcatWebServer.java:123)
	... 18 common frames omitted
Caused by: org.springframework.beans.TypeMismatchException: Failed to convert value of type 'java.lang.String' to required type 'int'; For input string: ""
	at org.springframework.beans.TypeConverterSupport.convertIfNecessary(TypeConverterSupport.java:79)
	at org.springframework.beans.factory.support.DefaultListableBeanFactory.doResolveDependency(DefaultListableBeanFactory.java:1365)
	at org.springframework.beans.factory.support.DefaultListableBeanFactory.resolveDependency(DefaultListableBeanFactory.java:1337)
	at org.springframework.beans.factory.annotation.AutowiredAnnotationBeanPostProcessor$AutowiredFieldElement.resolveFieldValue(AutowiredAnnotationBeanPostProcessor.java:764)
	... 60 common frames omitted
Caused by: java.lang.NumberFormatException: For input string: ""
	at java.base/java.lang.NumberFormatException.forInputString(NumberFormatException.java:67)
	at java.base/java.lang.Integer.parseInt(Integer.java:678)
	at java.base/java.lang.Integer.valueOf(Integer.java:999)
	at org.springframework.util.NumberUtils.parseNumber(NumberUtils.java:203)
	at org.springframework.beans.propertyeditors.CustomNumberEditor.setAsText(CustomNumberEditor.java:115)
	at org.springframework.beans.TypeConverterDelegate.doConvertTextValue(TypeConverterDelegate.java:426)
	at org.springframework.beans.TypeConverterDelegate.doConvertValue(TypeConverterDelegate.java:399)
	at org.springframework.beans.TypeConverterDelegate.convertIfNecessary(TypeConverterDelegate.java:155)
	at org.springframework.beans.TypeConverterSupport.convertIfNecessary(TypeConverterSupport.java:73)
	... 63 common frames omitted
2026-09-28 19:38:57.815 [restartedMain] [] INFO  b.craftline.server.ServerApplication - Starting ServerApplication using Java 17.0.0.1 with PID 18108 (D:\work\clapp\ClappN\target\classes started by Shiva in D:\work\clapp\ClappN)
2026-09-28 19:38:57.816 [restartedMain] [] DEBUG b.craftline.server.ServerApplication - Running with Spring Boot v3.1.4, Spring v6.0.12
2026-09-28 19:38:57.817 [restartedMain] [] INFO  b.craftline.server.ServerApplication - The following 1 profile is active: "dev"
2026-09-28 19:38:57.859 [restartedMain] [] INFO  o.s.b.d.e.DevToolsPropertyDefaultsPostProcessor - Devtools property defaults active! Set 'spring.devtools.add-properties' to 'false' to disable
2026-09-28 19:38:57.859 [restartedMain] [] INFO  o.s.b.d.e.DevToolsPropertyDefaultsPostProcessor - For additional web related logging consider setting the 'logging.level.web' property to 'DEBUG'
2026-09-28 19:38:58.969 [restartedMain] [] INFO  o.s.d.r.c.RepositoryConfigurationDelegate - Bootstrapping Spring Data JPA repositories in DEFAULT mode.
2026-09-28 19:38:59.147 [restartedMain] [] INFO  o.s.d.r.c.RepositoryConfigurationDelegate - Finished Spring Data repository scanning in 171 ms. Found 44 JPA repository interfaces.
2026-09-28 19:39:00.068 [restartedMain] [] INFO  o.s.b.w.e.tomcat.TomcatWebServer - Tomcat initialized with port(s): 9090 (http)
2026-09-28 19:39:00.081 [restartedMain] [] INFO  o.a.catalina.core.StandardService - Starting service [Tomcat]
2026-09-28 19:39:00.082 [restartedMain] [] INFO  o.a.catalina.core.StandardEngine - Starting Servlet engine: [Apache Tomcat/10.1.13]
2026-09-28 19:39:00.158 [restartedMain] [] INFO  o.a.c.c.C.[Tomcat].[localhost].[/] - Initializing Spring embedded WebApplicationContext
2026-09-28 19:39:00.159 [restartedMain] [] INFO  o.s.b.w.s.c.ServletWebServerApplicationContext - Root WebApplicationContext: initialization completed in 2299 ms
2026-09-28 19:39:00.507 [restartedMain] [] INFO  o.f.c.i.license.VersionPrinter - Flyway Community Edition 9.16.3 by Redgate
2026-09-28 19:39:00.508 [restartedMain] [] INFO  o.f.c.i.license.VersionPrinter - See release notes here: https://rd.gt/416ObMi
2026-09-28 19:39:00.508 [restartedMain] [] INFO  o.f.c.i.license.VersionPrinter - 
2026-09-28 19:39:00.517 [restartedMain] [] INFO  com.zaxxer.hikari.HikariDataSource - HikariPool-1 - Starting...
2026-09-28 19:39:00.801 [restartedMain] [] INFO  com.zaxxer.hikari.pool.HikariPool - HikariPool-1 - Added connection com.mysql.cj.jdbc.ConnectionImpl@52b4dd5f
2026-09-28 19:39:00.803 [restartedMain] [] INFO  com.zaxxer.hikari.HikariDataSource - HikariPool-1 - Start completed.
2026-09-28 19:39:00.834 [restartedMain] [] INFO  o.f.c.i.d.base.BaseDatabaseType - Database: jdbc:mysql://127.0.0.1:3306/clapp (MySQL 8.0)
2026-09-28 19:39:01.042 [restartedMain] [] INFO  o.f.core.internal.command.DbValidate - Successfully validated 18 migrations (execution time 00:00.178s)
2026-09-28 19:39:01.080 [restartedMain] [] INFO  o.f.core.internal.command.DbMigrate - Current version of schema `clapp`: 18
2026-09-28 19:39:01.084 [restartedMain] [] WARN  o.f.core.internal.command.DbMigrate - outOfOrder mode is active. Migration of schema `clapp` may not be reproducible.
2026-09-28 19:39:01.092 [restartedMain] [] INFO  o.f.core.internal.command.DbMigrate - Schema `clapp` is up to date. No migration necessary.
2026-09-28 19:39:01.223 [restartedMain] [] INFO  o.h.jpa.internal.util.LogHelper - HHH000204: Processing PersistenceUnitInfo [name: default]
2026-09-28 19:39:01.271 [restartedMain] [] INFO  org.hibernate.Version - HHH000412: Hibernate ORM core version 6.2.9.Final
2026-09-28 19:39:01.274 [restartedMain] [] INFO  org.hibernate.cfg.Environment - HHH000406: Using bytecode reflection optimizer
2026-09-28 19:39:01.390 [restartedMain] [] INFO  o.h.b.i.BytecodeProviderInitiator - HHH000021: Bytecode provider name : bytebuddy
2026-09-28 19:39:01.503 [restartedMain] [] INFO  o.s.o.j.p.SpringPersistenceUnitInfo - No LoadTimeWeaver setup: ignoring JPA class transformer
2026-09-28 19:39:01.541 [restartedMain] [] WARN  org.hibernate.orm.deprecation - HHH90000026: MySQL8Dialect has been deprecated; use org.hibernate.dialect.MySQLDialect instead
2026-09-28 19:39:01.910 [restartedMain] [] INFO  o.h.b.i.BytecodeProviderInitiator - HHH000021: Bytecode provider name : bytebuddy
2026-09-28 19:39:03.021 [restartedMain] [] INFO  o.h.e.t.j.p.i.JtaPlatformInitiator - HHH000490: Using JtaPlatform implementation: [org.hibernate.engine.transaction.jta.platform.internal.NoJtaPlatform]
2026-09-28 19:39:03.374 [restartedMain] [] INFO  o.s.o.j.LocalContainerEntityManagerFactoryBean - Initialized JPA EntityManagerFactory for persistence unit 'default'
2026-09-28 19:39:03.631 [restartedMain] [] INFO  o.s.d.j.r.query.QueryEnhancerFactory - Hibernate is in classpath; If applicable, HQL parser will be used.
2026-09-28 19:39:04.326 [restartedMain] [] DEBUG b.c.s.c.s.JwtAuthenticationFilter - Filter 'jwtAuthenticationFilter' configured for use
2026-09-28 19:39:04.327 [restartedMain] [] DEBUG b.c.s.c.security.UserScopeFilter - Filter 'userScopeFilter' configured for use
2026-09-28 19:39:04.328 [restartedMain] [] DEBUG b.c.s.c.security.RequestIdFilter - Filter 'requestIdFilter' configured for use
2026-09-28 19:39:04.329 [restartedMain] [] DEBUG b.c.s.c.security.AuthRateLimitFilter - Filter 'authRateLimitFilter' configured for use
2026-09-28 19:39:04.329 [restartedMain] [] DEBUG b.c.s.c.o.HttpRequestObservabilityFilter - Filter 'httpRequestObservabilityFilter' configured for use
2026-09-28 19:39:05.069 [restartedMain] [] INFO  b.c.server.util.FileStorageService - Upload directory initialized at: D:\work\clapp\ClappN\uploads
2026-09-28 19:39:06.319 [restartedMain] [] INFO  b.c.s.f.p.a.p.StripePaymentProvider - Stripe provider ready (publishable configured=true)
2026-09-28 19:39:06.802 [restartedMain] [] WARN  o.s.b.a.o.j.JpaBaseConfiguration$JpaWebConfiguration - spring.jpa.open-in-view is enabled by default. Therefore, database queries may be performed during view rendering. Explicitly configure spring.jpa.open-in-view to disable this warning
2026-09-28 19:39:07.308 [restartedMain] [] INFO  o.s.b.a.e.web.EndpointLinksResolver - Exposing 4 endpoint(s) beneath base path '/actuator'
2026-09-28 19:39:07.389 [restartedMain] [] INFO  o.s.s.web.DefaultSecurityFilterChain - Will secure any request with [org.springframework.security.web.session.DisableEncodeUrlFilter@c4b13be, org.springframework.security.web.context.request.async.WebAsyncManagerIntegrationFilter@630f1428, org.springframework.security.web.context.SecurityContextHolderFilter@698665cc, org.springframework.security.web.header.HeaderWriterFilter@52ccc165, org.springframework.web.filter.CorsFilter@19db61da, org.springframework.security.web.authentication.logout.LogoutFilter@4d156642, biz.craftline.server.config.security.AuthRateLimitFilter@5b443d6f, biz.craftline.server.config.security.JwtAuthenticationFilter@21214730, biz.craftline.server.config.security.UserScopeFilter@6f7d320f, org.springframework.security.web.savedrequest.RequestCacheAwareFilter@67299bae, org.springframework.security.web.servletapi.SecurityContextHolderAwareRequestFilter@56822446, org.springframework.security.web.authentication.AnonymousAuthenticationFilter@5b13974d, org.springframework.security.web.session.SessionManagementFilter@78a2bc1, org.springframework.security.web.access.ExceptionTranslationFilter@37805c5b, org.springframework.security.web.access.intercept.AuthorizationFilter@568762b1]
2026-09-28 19:39:07.906 [restartedMain] [] INFO  o.s.b.d.a.OptionalLiveReloadServer - LiveReload server is running on port 35729
2026-09-28 19:39:08.009 [restartedMain] [] INFO  o.s.b.w.e.tomcat.TomcatWebServer - Tomcat started on port(s): 9090 (http) with context path ''
2026-09-28 19:39:08.028 [restartedMain] [] INFO  b.craftline.server.ServerApplication - Started ServerApplication in 10.632 seconds (process running for 11.209)
2026-09-28 19:39:08.070 [restartedMain] [] INFO  b.c.s.config.PaymentStartupValidator - Payment startup checks relaxed (non-prod); enabledProviders=[stripe, razorpay]
2026-09-28 19:39:08.071 [restartedMain] [] WARN  b.c.s.c.ProductionStartupValidator - Using default JWT secret — acceptable for local/dev only
2026-09-28 19:39:08.071 [restartedMain] [] INFO  b.c.server.config.DataSeedConfig - Starting database seed initialization (rbacAlign=true, demoData=true)...
2026-09-28 19:39:08.188 [restartedMain] [] WARN  b.c.server.config.DataSeedConfig - Skipping delete of legacy role 'Guest' because canonical 'GUEST' already exists
2026-09-28 19:39:08.248 [restartedMain] [] WARN  b.c.server.config.DataSeedConfig - Skipping delete of legacy role 'Cashier' because canonical 'CASHIER' already exists
2026-09-28 19:39:08.261 [restartedMain] [] WARN  b.c.server.config.DataSeedConfig - Skipping delete of legacy role 'Customer' because canonical 'CUSTOMER' already exists
2026-09-28 19:39:08.822 [restartedMain] [] INFO  b.c.server.config.DataSeedConfig - Permissions catalog ready (0 new, 201 total defined)
2026-09-28 19:39:08.913 [restartedMain] [] INFO  b.c.server.config.DataSeedConfig - Roles catalog ready (0 new, 35 total defined)
2026-09-28 19:39:08.971 [restartedMain] [] INFO  b.c.server.config.DataSeedConfig - Synced role 'SYSTEM_ADMIN' to 201 permission(s)
2026-09-28 19:39:08.978 [restartedMain] [] INFO  b.c.server.config.DataSeedConfig - Synced role 'BUSINESS_OWNER' to 73 permission(s)
2026-09-28 19:39:08.984 [restartedMain] [] INFO  b.c.server.config.DataSeedConfig - Synced role 'BUSINESS_ADMIN' to 50 permission(s)
2026-09-28 19:39:08.987 [restartedMain] [] INFO  b.c.server.config.DataSeedConfig - Synced role 'BUSINESS_MANAGER' to 28 permission(s)
2026-09-28 19:39:08.992 [restartedMain] [] INFO  b.c.server.config.DataSeedConfig - Synced role 'STORE_OWNER' to 93 permission(s)
2026-09-28 19:39:08.997 [restartedMain] [] INFO  b.c.server.config.DataSeedConfig - Synced role 'STORE_MANAGER' to 60 permission(s)
2026-09-28 19:39:09.001 [restartedMain] [] INFO  b.c.server.config.DataSeedConfig - Synced role 'ASSISTANT_MANAGER' to 32 permission(s)
2026-09-28 19:39:09.004 [restartedMain] [] INFO  b.c.server.config.DataSeedConfig - Synced role 'SHIFT_SUPERVISOR' to 13 permission(s)
2026-09-28 19:39:09.008 [restartedMain] [] INFO  b.c.server.config.DataSeedConfig - Synced role 'SALES_ASSOCIATE' to 11 permission(s)
2026-09-28 19:39:09.012 [restartedMain] [] INFO  b.c.server.config.DataSeedConfig - Synced role 'CASHIER' to 14 permission(s)
2026-09-28 19:39:09.018 [restartedMain] [] INFO  b.c.server.config.DataSeedConfig - Synced role 'INVENTORY_STAFF' to 11 permission(s)
2026-09-28 19:39:09.022 [restartedMain] [] INFO  b.c.server.config.DataSeedConfig - Synced role 'CUSTOMER_SERVICE_REP' to 17 permission(s)
2026-09-28 19:39:09.025 [restartedMain] [] INFO  b.c.server.config.DataSeedConfig - Synced role 'STOCK_KEEPER' to 0 permission(s)
2026-09-28 19:39:09.028 [restartedMain] [] INFO  b.c.server.config.DataSeedConfig - Synced role 'VISUAL_MERCHANDISER' to 0 permission(s)
2026-09-28 19:39:09.032 [restartedMain] [] INFO  b.c.server.config.DataSeedConfig - Synced role 'SECURITY_STAFF' to 0 permission(s)
2026-09-28 19:39:09.037 [restartedMain] [] INFO  b.c.server.config.DataSeedConfig - Synced role 'CLEANING_STAFF' to 0 permission(s)
2026-09-28 19:39:09.040 [restartedMain] [] INFO  b.c.server.config.DataSeedConfig - Synced role 'INVENTORY_MANAGER' to 20 permission(s)
2026-09-28 19:39:09.044 [restartedMain] [] INFO  b.c.server.config.DataSeedConfig - Synced role 'SALES_MANAGER' to 0 permission(s)
2026-09-28 19:39:09.047 [restartedMain] [] INFO  b.c.server.config.DataSeedConfig - Synced role 'CUSTOMER_SERVICE' to 0 permission(s)
2026-09-28 19:39:09.051 [restartedMain] [] INFO  b.c.server.config.DataSeedConfig - Synced role 'FINANCE_MANAGER' to 19 permission(s)
2026-09-28 19:39:09.057 [restartedMain] [] INFO  b.c.server.config.DataSeedConfig - Synced role 'MARKETING_MANAGER' to 0 permission(s)
2026-09-28 19:39:09.061 [restartedMain] [] INFO  b.c.server.config.DataSeedConfig - Synced role 'SECURITY_OFFICER' to 0 permission(s)
2026-09-28 19:39:09.064 [restartedMain] [] INFO  b.c.server.config.DataSeedConfig - Synced role 'MAINTENANCE_STAFF' to 0 permission(s)
2026-09-28 19:39:09.068 [restartedMain] [] INFO  b.c.server.config.DataSeedConfig - Synced role 'CUSTOMER' to 10 permission(s)
2026-09-28 19:39:09.071 [restartedMain] [] INFO  b.c.server.config.DataSeedConfig - Synced role 'GUEST' to 0 permission(s)
2026-09-28 19:39:09.075 [restartedMain] [] INFO  b.c.server.config.DataSeedConfig - Synced role 'VENDOR_ADMIN' to 0 permission(s)
2026-09-28 19:39:09.080 [restartedMain] [] INFO  b.c.server.config.DataSeedConfig - Synced role 'VENDOR_MANAGER' to 0 permission(s)
2026-09-28 19:39:09.084 [restartedMain] [] INFO  b.c.server.config.DataSeedConfig - Synced role 'APPROVAL_MANAGER' to 0 permission(s)
2026-09-28 19:39:09.087 [restartedMain] [] INFO  b.c.server.config.DataSeedConfig - Synced role 'CONTENT_MANAGER' to 0 permission(s)
2026-09-28 19:39:09.092 [restartedMain] [] INFO  b.c.server.config.DataSeedConfig - Synced role 'ANALYTICS_MANAGER' to 0 permission(s)
2026-09-28 19:39:09.095 [restartedMain] [] INFO  b.c.server.config.DataSeedConfig - Synced role 'SUPPORT_MANAGER' to 0 permission(s)
2026-09-28 19:39:09.101 [restartedMain] [] INFO  b.c.server.config.DataSeedConfig - Synced role 'WAREHOUSE_MANAGER' to 0 permission(s)
2026-09-28 19:39:09.104 [restartedMain] [] INFO  b.c.server.config.DataSeedConfig - Synced role 'LOGISTICS_MANAGER' to 0 permission(s)
2026-09-28 19:39:09.108 [restartedMain] [] INFO  b.c.server.config.DataSeedConfig - Synced role 'QUALITY_ASSURANCE' to 0 permission(s)
2026-09-28 19:39:09.111 [restartedMain] [] INFO  b.c.server.config.DataSeedConfig - Synced role 'RETURNS_MANAGER' to 0 permission(s)
2026-09-28 19:39:09.133 [restartedMain] [] INFO  b.c.server.config.DataSeedConfig - Business types already populated. Skipping business/category/store seed.
2026-09-28 19:39:34.820 [http-nio-9090-exec-1] [] INFO  o.a.c.c.C.[Tomcat].[localhost].[/] - Initializing Spring DispatcherServlet 'dispatcherServlet'
2026-09-28 19:39:34.820 [http-nio-9090-exec-1] [] INFO  o.s.web.servlet.DispatcherServlet - Initializing Servlet 'dispatcherServlet'
2026-09-28 19:39:34.820 [http-nio-9090-exec-1] [] INFO  o.s.web.servlet.DispatcherServlet - Completed initialization in 0 ms
2026-09-28 19:39:37.327 [http-nio-9090-exec-9] [3389d48510f94b389591a17ebc3c1b2c] INFO  o.s.api.AbstractOpenApiResource - Init duration for springdoc-openapi is: 2101 ms
